age,utme_score,post_utme_score,olevel_points,subject_relevance,catchment_category,course_choice,interview_score,admission_status
22,257.0,70.9,33.0,0.84,Non-Catchment,First Choice,100.0,1
19,161.0,57.5,41.0,0.77,Non-Catchment,Second Choice,47.5,1
23,142.0,75.6,38.0,0.24,Catchment,First Choice,60.3,0
20,220.0,31.9,34.0,0.59,Non-Catchment,First Choice,61.6,0
22,202.0,25.1,27.0,0.82,Catchment,First Choice,74.0,0
18,245.0,58.9,25.0,0.41,Catchment,Second Choice,77.6,0
22,269.0,59.1,37.0,0.63,Non-Catchment,First Choice,81.2,0
23,244.0,4.9,31.0,0.85,ELDS,Second Choice,79.8,0
20,266.0,45.6,39.0,0.4,Catchment,First Choice,30.4,0
19,234.0,39.9,25.0,0.36,Non-Catchment,First Choice,7.7,0
23,242.0,34.1,45.0,0.4,Catchment,First Choice,49.7,1
23,215.0,39.8,39.0,0.77,Non-Catchment,First Choice,59.3,1
18,241.0,63.9,36.0,0.59,Non-Catchment,First Choice,47.7,0
21,227.0,39.7,45.0,0.88,Catchment,First Choice,50.8,0
20,235.0,40.3,41.0,0.72,Catchment,Second Choice,53.3,0
17,212.0,30.7,32.0,1.0,Non-Catchment,First Choice,71.5,0
23,256.0,74.0,35.0,0.45,Catchment,First Choice,39.3,1
21,188.0,61.5,23.0,0.77,Catchment,First Choice,58.4,1
17,219.0,17.6,41.0,0.54,Non-Catchment,First Choice,58.6,0
20,279.0,40.3,33.0,0.82,Non-Catchment,First Choice,71.1,0
16,177.0,62.9,23.0,0.72,Non-Catchment,First Choice,83.2,0
21,123.0,74.2,28.0,0.5,Catchment,First Choice,93.7,1
24,236.0,67.6,40.0,0.67,Non-Catchment,First Choice,45.1,1
16,208.0,49.7,45.0,0.71,Non-Catchment,First Choice,20.0,0
18,265.0,26.0,35.0,0.58,Catchment,First Choice,55.2,0
22,214.0,68.1,29.0,0.85,Non-Catchment,First Choice,28.2,0
19,193.0,50.5,26.0,0.49,Catchment,Second Choice,100.0,0
24,217.0,56.0,43.0,1.0,Non-Catchment,Second Choice,42.5,1
18,269.0,52.3,38.0,0.89,Non-Catchment,First Choice,71.3,1
20,246.0,34.7,33.0,0.77,Non-Catchment,First Choice,78.7,1
18,110.0,60.5,32.0,1.0,Catchment,Second Choice,66.8,0
22,228.0,58.4,39.0,0.64,Catchment,First Choice,100.0,1
20,231.0,48.6,39.0,0.82,Non-Catchment,First Choice,56.0,0
24,219.0,62.1,30.0,0.74,Non-Catchment,First Choice,43.3,0
22,193.0,34.4,28.0,0.86,Catchment,Second Choice,42.3,0
17,274.0,51.0,28.0,1.0,Catchment,First Choice,75.0,1
19,276.0,55.4,32.0,0.81,Catchment,First Choice,56.2,1
24,121.0,29.0,31.0,0.91,Non-Catchment,First Choice,42.3,0
17,184.0,54.1,45.0,0.59,Catchment,Second Choice,68.8,0
24,213.0,66.0,32.0,0.66,Non-Catchment,First Choice,74.2,1
20,263.0,50.5,28.0,1.0,Catchment,Second Choice,65.4,1
17,222.0,54.5,28.0,0.82,Non-Catchment,Second Choice,78.0,0
19,189.0,63.4,34.0,0.75,Catchment,First Choice,61.8,1
22,252.0,49.2,24.0,0.55,Non-Catchment,First Choice,48.1,0
23,210.0,50.5,35.0,0.89,Catchment,First Choice,76.2,0
18,215.0,37.3,27.0,0.54,Catchment,Second Choice,42.2,0
16,219.0,54.8,42.0,0.48,Non-Catchment,First Choice,37.4,0
19,246.0,50.0,36.0,0.72,Catchment,Second Choice,83.1,1
17,206.0,62.5,45.0,0.22,Catchment,First Choice,53.0,1
23,251.0,63.5,34.0,0.82,Non-Catchment,First Choice,93.3,1
19,217.0,66.9,16.0,0.78,Non-Catchment,First Choice,77.1,0
17,172.0,47.4,44.0,0.63,Catchment,First Choice,51.5,0
21,218.0,22.4,38.0,0.65,Non-Catchment,Second Choice,69.7,0
21,174.0,66.1,39.0,0.68,Non-Catchment,First Choice,100.0,0
19,222.0,61.5,29.0,0.54,Catchment,First Choice,75.1,0
21,257.0,45.5,35.0,0.74,ELDS,First Choice,71.6,1
17,172.0,63.3,36.0,0.65,Non-Catchment,First Choice,48.1,0
17,236.0,33.3,34.0,0.72,ELDS,First Choice,96.9,0
19,183.0,70.5,25.0,0.67,Catchment,First Choice,86.4,0
23,229.0,50.0,45.0,0.63,Catchment,Second Choice,48.3,0
22,259.0,42.6,40.0,0.76,Non-Catchment,First Choice,97.6,1
24,124.0,45.7,38.0,0.86,Non-Catchment,First Choice,63.3,0
23,170.0,51.5,43.0,0.6,Catchment,First Choice,43.2,1
20,203.0,54.8,39.0,0.78,Non-Catchment,First Choice,48.0,1
17,234.0,55.7,31.0,0.8,Non-Catchment,First Choice,77.6,1
20,213.0,48.6,42.0,0.44,Non-Catchment,Second Choice,43.3,0
23,218.0,58.0,40.0,0.9,Non-Catchment,First Choice,37.9,0
24,312.0,55.1,31.0,1.0,Non-Catchment,First Choice,51.2,0
24,165.0,45.3,40.0,0.68,Catchment,First Choice,54.2,1
16,271.0,43.0,34.0,0.67,ELDS,First Choice,46.5,1
24,204.0,64.1,36.0,0.66,Catchment,Second Choice,50.9,0
22,245.0,62.9,39.0,0.82,Catchment,First Choice,78.3,1
24,316.0,55.9,43.0,0.8,Non-Catchment,First Choice,65.1,1
23,251.0,68.9,31.0,0.38,ELDS,First Choice,49.7,0
16,237.0,25.6,37.0,0.53,Non-Catchment,Second Choice,51.4,0
23,292.0,46.5,45.0,0.8,Non-Catchment,Second Choice,57.4,1
23,271.0,37.7,34.0,0.67,Non-Catchment,First Choice,58.5,0
18,184.0,88.8,36.0,0.47,ELDS,First Choice,58.6,1
16,233.0,65.7,45.0,1.0,Catchment,Second Choice,77.6,1
23,143.0,53.8,39.0,0.54,Non-Catchment,First Choice,63.9,0
18,196.0,66.8,26.0,0.71,Non-Catchment,First Choice,64.5,0
18,234.0,71.7,30.0,0.67,Catchment,First Choice,88.5,1
16,193.0,71.6,39.0,0.48,Non-Catchment,Second Choice,97.5,1
20,232.0,68.8,38.0,0.74,Non-Catchment,First Choice,35.4,0
22,219.0,51.1,36.0,0.78,Non-Catchment,First Choice,28.4,0
24,244.0,47.5,45.0,0.61,Catchment,Second Choice,53.0,1
22,201.0,40.6,31.0,0.63,Non-Catchment,First Choice,75.7,0
24,178.0,62.5,35.0,0.82,Catchment,Second Choice,67.5,0
23,287.0,52.6,23.0,0.3,Non-Catchment,First Choice,81.1,0
17,198.0,48.7,42.0,0.53,Non-Catchment,Second Choice,52.2,0
16,250.0,47.9,30.0,0.74,Non-Catchment,First Choice,20.9,1
22,285.0,76.8,41.0,0.59,Catchment,First Choice,32.7,1
22,227.0,69.3,41.0,0.59,Catchment,First Choice,71.3,1
23,181.0,82.5,45.0,0.88,Non-Catchment,First Choice,81.2,1
20,212.0,62.9,39.0,0.57,ELDS,First Choice,21.9,0
18,266.0,55.9,33.0,1.0,ELDS,First Choice,88.2,1
23,229.0,54.6,38.0,0.35,Non-Catchment,First Choice,69.3,1
21,166.0,39.7,30.0,0.26,Catchment,First Choice,58.6,0
18,247.0,36.1,37.0,0.88,Catchment,First Choice,47.5,0
16,255.0,62.6,34.0,0.5,Catchment,First Choice,91.8,1
18,204.0,41.0,35.0,0.51,Catchment,First Choice,77.9,1
20,247.0,58.2,30.0,0.9,Catchment,Second Choice,69.8,1
18,231.0,71.7,37.0,0.6,Catchment,First Choice,45.4,1
16,211.0,45.0,40.0,0.88,Non-Catchment,First Choice,92.3,1
20,162.0,85.2,25.0,0.58,Catchment,Second Choice,60.6,0
22,269.0,40.1,31.0,0.77,Non-Catchment,First Choice,66.0,1
22,254.0,69.9,36.0,0.6,ELDS,First Choice,61.5,1
24,246.0,61.4,21.0,0.52,Non-Catchment,First Choice,44.7,0
18,290.0,72.9,45.0,1.0,Non-Catchment,First Choice,66.4,1
22,263.0,38.3,31.0,0.92,Non-Catchment,First Choice,73.9,0
16,251.0,89.6,29.0,0.55,Catchment,First Choice,51.2,0
19,120.0,52.3,34.0,0.66,Catchment,Second Choice,64.7,0
19,274.0,65.1,36.0,1.0,Catchment,First Choice,61.2,1
20,224.0,76.7,30.0,0.5,Catchment,First Choice,78.3,1
22,234.0,45.9,41.0,0.51,Non-Catchment,Second Choice,54.0,1
22,234.0,67.4,37.0,0.79,ELDS,First Choice,64.5,1
19,255.0,43.4,30.0,1.0,ELDS,Second Choice,68.7,1
22,270.0,76.0,32.0,0.71,Catchment,First Choice,53.6,1
18,249.0,43.6,26.0,0.91,ELDS,First Choice,43.5,0
21,241.0,55.6,27.0,0.5,Catchment,First Choice,46.7,0
17,230.0,59.6,37.0,0.77,Non-Catchment,First Choice,68.2,1
24,100.0,66.8,30.0,0.63,Catchment,First Choice,55.3,0
20,207.0,84.5,45.0,1.0,Catchment,First Choice,55.0,1
21,178.0,48.2,35.0,1.0,Catchment,First Choice,72.1,0
19,274.0,72.1,27.0,1.0,Non-Catchment,First Choice,80.4,1
22,248.0,84.6,28.0,0.56,Catchment,First Choice,83.8,1
24,199.0,57.5,41.0,0.71,Catchment,First Choice,47.7,1
22,204.0,46.7,35.0,0.78,ELDS,First Choice,78.5,1
16,202.0,29.0,41.0,0.57,ELDS,First Choice,100.0,0
16,201.0,83.2,33.0,0.73,Catchment,First Choice,62.5,1
24,155.0,51.3,32.0,0.88,Non-Catchment,First Choice,58.5,0
24,145.0,40.0,42.0,0.59,Catchment,First Choice,54.4,0
19,221.0,34.6,30.0,0.56,Catchment,First Choice,38.7,0
24,268.0,40.0,38.0,0.55,Non-Catchment,First Choice,76.8,1
18,196.0,68.8,34.0,0.43,Non-Catchment,Second Choice,58.6,0
22,234.0,70.9,40.0,0.87,Non-Catchment,First Choice,57.0,1
21,253.0,64.8,45.0,0.56,Non-Catchment,First Choice,73.7,1
23,175.0,57.0,33.0,0.54,Non-Catchment,Second Choice,75.6,0
24,219.0,36.3,32.0,0.81,Non-Catchment,Second Choice,48.0,0
20,190.0,44.1,39.0,0.7,Non-Catchment,Second Choice,48.5,0
16,292.0,38.4,29.0,0.59,Non-Catchment,First Choice,47.6,0
18,290.0,63.6,45.0,0.86,Catchment,First Choice,100.0,1
23,175.0,39.1,44.0,0.59,Non-Catchment,Second Choice,89.5,0
21,237.0,44.3,29.0,0.26,Non-Catchment,Second Choice,74.1,0
23,268.0,52.2,26.0,0.97,Non-Catchment,First Choice,52.5,0
24,258.0,30.0,28.0,0.53,Non-Catchment,First Choice,54.9,0
19,224.0,55.7,28.0,0.56,Catchment,Second Choice,67.3,1
16,279.0,53.4,40.0,0.56,Non-Catchment,First Choice,100.0,1
16,179.0,72.8,44.0,0.71,Catchment,First Choice,65.8,1
19,206.0,42.7,40.0,0.65,ELDS,First Choice,70.2,1
22,181.0,35.5,34.0,0.9,Non-Catchment,First Choice,9.0,0
17,255.0,49.4,37.0,1.0,Catchment,First Choice,65.2,1
18,194.0,38.5,30.0,0.56,Non-Catchment,First Choice,32.1,0
16,212.0,55.6,42.0,0.51,Non-Catchment,Second Choice,50.3,0
20,248.0,27.1,38.0,0.6,Catchment,First Choice,60.9,0
16,251.0,45.9,40.0,0.79,Non-Catchment,First Choice,54.0,1
23,179.0,41.1,31.0,0.68,Non-Catchment,Second Choice,47.3,0
16,268.0,63.5,34.0,0.6,Non-Catchment,First Choice,47.5,0
16,241.0,42.8,39.0,0.44,Catchment,First Choice,55.8,0
17,171.0,29.0,44.0,0.26,Non-Catchment,First Choice,54.9,0
17,160.0,52.0,31.0,0.5,ELDS,First Choice,60.4,0
21,219.0,59.8,40.0,0.95,ELDS,First Choice,58.9,1
22,258.0,50.9,31.0,0.79,Non-Catchment,First Choice,85.6,0
20,259.0,45.8,45.0,0.66,ELDS,Second Choice,19.0,0
16,236.0,44.9,33.0,0.85,Non-Catchment,First Choice,64.9,1
16,222.0,56.7,39.0,0.44,Non-Catchment,First Choice,61.4,0
18,243.0,41.7,36.0,0.71,Non-Catchment,First Choice,57.3,0
17,182.0,50.1,45.0,0.34,Catchment,First Choice,45.9,0
20,296.0,66.3,36.0,0.77,Non-Catchment,First Choice,57.0,1
21,295.0,35.5,32.0,0.75,Non-Catchment,First Choice,27.3,0
22,239.0,54.3,39.0,0.76,Non-Catchment,Second Choice,64.1,0
19,229.0,28.2,39.0,0.93,Non-Catchment,First Choice,67.8,1
22,201.0,58.4,34.0,0.86,Non-Catchment,First Choice,45.9,0
23,244.0,40.3,28.0,0.46,Catchment,First Choice,98.8,0
16,189.0,70.3,32.0,0.94,Catchment,First Choice,57.6,1
21,120.0,32.8,40.0,0.66,Catchment,First Choice,60.9,0
23,100.0,61.6,25.0,0.31,Non-Catchment,Second Choice,86.7,0
20,184.0,73.3,34.0,0.68,Catchment,First Choice,100.0,1
19,227.0,39.5,41.0,0.83,Non-Catchment,First Choice,37.5,0
17,235.0,42.1,34.0,0.5,Catchment,Second Choice,48.5,0
21,198.0,40.8,45.0,0.97,Non-Catchment,First Choice,57.9,1
21,226.0,47.7,25.0,0.52,Non-Catchment,Second Choice,45.1,0
16,208.0,62.8,29.0,0.6,Non-Catchment,First Choice,76.9,0
24,175.0,46.5,21.0,0.57,Catchment,First Choice,42.9,0
21,218.0,38.2,45.0,0.36,Non-Catchment,First Choice,85.3,0
18,257.0,24.7,29.0,0.5,Catchment,First Choice,72.5,0
19,177.0,79.0,23.0,0.56,Catchment,First Choice,83.3,0
19,177.0,80.2,31.0,0.67,Catchment,First Choice,43.0,0
18,172.0,63.4,27.0,0.1,Catchment,First Choice,52.3,0
18,133.0,42.8,31.0,0.84,Catchment,First Choice,78.0,0
18,198.0,66.2,35.0,0.84,Catchment,Second Choice,74.3,0
19,252.0,69.2,40.0,0.94,Catchment,First Choice,54.3,1
22,228.0,51.2,34.0,0.4,Non-Catchment,First Choice,57.1,0
19,212.0,55.6,35.0,0.64,ELDS,First Choice,51.3,0
24,226.0,73.5,32.0,0.89,Non-Catchment,First Choice,56.6,1
16,198.0,30.4,26.0,0.91,Catchment,First Choice,40.7,0
23,132.0,70.0,24.0,1.0,Non-Catchment,First Choice,37.3,0
22,255.0,50.4,33.0,0.72,Non-Catchment,Second Choice,80.1,0
17,268.0,38.3,36.0,0.69,Catchment,First Choice,55.9,1
23,187.0,39.5,32.0,0.39,Non-Catchment,First Choice,83.0,0
16,213.0,42.0,24.0,0.91,Non-Catchment,Second Choice,71.9,0
24,209.0,36.8,36.0,0.61,ELDS,Second Choice,66.2,1
24,236.0,81.6,45.0,0.71,Non-Catchment,First Choice,45.8,1
17,296.0,62.4,34.0,0.69,Non-Catchment,First Choice,35.8,1
22,272.0,71.0,32.0,0.22,Non-Catchment,First Choice,50.9,1
18,203.0,63.4,35.0,0.54,Catchment,First Choice,90.6,0
22,244.0,55.9,28.0,0.79,Catchment,Second Choice,77.8,0
24,276.0,56.1,28.0,0.69,Non-Catchment,First Choice,49.0,0
19,238.0,49.0,38.0,0.79,Catchment,First Choice,51.1,1
16,220.0,50.3,41.0,0.86,Catchment,First Choice,41.4,1
17,240.0,33.9,34.0,0.54,Catchment,First Choice,29.1,0
16,188.0,71.2,23.0,0.6,Non-Catchment,First Choice,62.0,0
20,195.0,27.8,37.0,0.67,Catchment,First Choice,94.5,0
20,172.0,39.1,45.0,0.85,Catchment,First Choice,94.8,1
22,234.0,85.2,34.0,0.65,Non-Catchment,First Choice,72.2,1
24,214.0,57.0,34.0,0.34,Non-Catchment,First Choice,47.9,0
24,183.0,57.7,30.0,0.66,Catchment,First Choice,31.0,0
18,213.0,64.6,38.0,0.85,ELDS,First Choice,80.9,1
18,241.0,31.9,31.0,0.97,Non-Catchment,First Choice,68.9,0
18,306.0,34.1,41.0,0.76,Non-Catchment,Second Choice,53.7,0
19,266.0,48.3,31.0,0.4,Catchment,First Choice,50.3,0
23,117.0,41.4,37.0,0.62,Non-Catchment,First Choice,72.0,0
21,231.0,53.9,35.0,0.8,Non-Catchment,First Choice,43.5,0
23,284.0,62.3,44.0,0.87,Catchment,First Choice,64.8,1
16,160.0,75.8,37.0,0.8,Catchment,First Choice,35.6,0
23,245.0,67.2,43.0,0.65,Catchment,First Choice,100.0,1
19,209.0,40.1,36.0,0.87,ELDS,First Choice,46.3,0
16,272.0,49.4,34.0,0.57,Catchment,First Choice,73.0,1
23,238.0,45.3,35.0,0.74,Non-Catchment,First Choice,36.0,0
19,180.0,39.8,30.0,0.85,Catchment,First Choice,56.7,0
21,211.0,36.3,38.0,0.82,Non-Catchment,Second Choice,77.7,0
23,214.0,80.0,31.0,0.82,Non-Catchment,First Choice,82.0,1
19,214.0,55.2,36.0,0.81,Catchment,First Choice,75.3,0
18,270.0,51.6,40.0,0.49,Non-Catchment,First Choice,57.2,1
24,182.0,62.3,45.0,0.7,Catchment,First Choice,46.7,0
18,265.0,63.0,36.0,0.52,Catchment,First Choice,38.4,1
24,206.0,71.8,40.0,0.64,Non-Catchment,First Choice,90.1,1
17,230.0,43.8,39.0,0.47,Catchment,Second Choice,62.1,1
17,223.0,61.0,33.0,0.77,Non-Catchment,First Choice,65.8,1
17,219.0,41.3,45.0,0.31,Catchment,First Choice,83.3,0
21,219.0,52.1,32.0,0.82,Catchment,First Choice,71.7,1
18,286.0,55.9,36.0,0.7,Non-Catchment,First Choice,57.5,1
24,258.0,57.3,44.0,1.0,Non-Catchment,First Choice,74.9,1
19,204.0,56.7,44.0,0.66,Catchment,Second Choice,47.5,0
16,291.0,67.0,35.0,0.66,Non-Catchment,First Choice,29.0,0
19,232.0,46.0,41.0,0.84,Catchment,Second Choice,88.2,1
16,236.0,57.7,34.0,0.67,Non-Catchment,First Choice,49.2,1
20,182.0,43.6,32.0,0.75,Catchment,Second Choice,53.9,0
19,198.0,98.8,28.0,0.9,Catchment,Second Choice,55.7,1
23,189.0,41.3,39.0,0.65,Non-Catchment,First Choice,48.0,0
23,224.0,44.5,40.0,0.94,Catchment,Second Choice,82.0,1
22,249.0,68.2,32.0,0.36,Catchment,First Choice,67.5,1
18,237.0,48.6,37.0,1.0,Catchment,First Choice,53.9,1
16,291.0,68.2,45.0,0.34,Non-Catchment,First Choice,34.5,1
16,180.0,57.3,42.0,0.97,ELDS,First Choice,66.1,1
18,225.0,49.0,30.0,0.33,Non-Catchment,Second Choice,11.0,0
21,162.0,43.7,41.0,1.0,Non-Catchment,First Choice,64.7,1
22,179.0,43.2,30.0,0.73,Non-Catchment,First Choice,86.9,0
21,277.0,49.1,18.0,0.51,Non-Catchment,First Choice,61.3,0
21,199.0,52.4,35.0,1.0,Catchment,Second Choice,84.1,0
21,184.0,42.5,44.0,0.48,ELDS,Second Choice,35.4,0
18,124.0,53.4,43.0,0.65,Catchment,First Choice,100.0,0
21,183.0,38.6,37.0,1.0,Catchment,First Choice,81.9,1
23,211.0,66.3,32.0,0.78,Non-Catchment,First Choice,69.5,0
17,159.0,69.2,38.0,0.29,Non-Catchment,First Choice,48.0,0
20,208.0,44.4,33.0,0.65,Catchment,First Choice,44.7,1
16,277.0,43.6,32.0,0.63,Catchment,First Choice,58.6,0
16,188.0,57.7,41.0,0.74,Non-Catchment,First Choice,84.1,1
20,178.0,74.0,32.0,0.69,Non-Catchment,First Choice,33.7,0
18,169.0,77.3,42.0,0.81,Non-Catchment,First Choice,60.2,1
19,169.0,34.0,31.0,0.39,Catchment,Second Choice,74.7,0
18,244.0,70.1,45.0,0.59,ELDS,Second Choice,78.6,1
16,222.0,54.1,25.0,0.76,Catchment,First Choice,74.6,1
16,263.0,54.4,29.0,0.55,Non-Catchment,First Choice,31.6,0
20,311.0,62.6,34.0,0.92,Non-Catchment,First Choice,82.6,1
21,138.0,47.8,23.0,0.55,Catchment,First Choice,61.3,0
18,237.0,71.5,20.0,0.73,Catchment,First Choice,38.3,0
24,170.0,76.4,23.0,0.68,ELDS,Second Choice,59.5,0
20,256.0,76.9,33.0,0.5,Non-Catchment,First Choice,20.8,0
23,208.0,27.3,33.0,0.71,Catchment,First Choice,71.6,1
16,221.0,51.6,37.0,0.44,Non-Catchment,First Choice,57.4,0
20,162.0,26.0,34.0,0.61,Catchment,First Choice,34.6,0
18,201.0,43.5,37.0,0.71,Non-Catchment,Second Choice,54.2,0
16,224.0,19.0,32.0,0.41,Catchment,First Choice,45.9,0
19,281.0,61.8,39.0,0.82,Non-Catchment,Second Choice,47.1,1
20,184.0,58.3,39.0,0.75,Catchment,First Choice,14.8,0
22,195.0,48.5,33.0,0.81,Non-Catchment,Second Choice,26.6,1
16,262.0,43.1,38.0,0.7,Non-Catchment,Second Choice,55.4,0
18,181.0,59.7,34.0,0.47,Catchment,First Choice,52.0,0
17,271.0,39.8,26.0,0.7,Non-Catchment,Second Choice,79.5,0
24,220.0,38.8,40.0,0.82,Catchment,First Choice,47.4,0
21,234.0,37.0,30.0,0.46,Non-Catchment,Second Choice,49.5,0
18,237.0,51.9,40.0,0.48,Catchment,First Choice,50.4,0
23,192.0,46.3,37.0,0.65,Non-Catchment,First Choice,56.1,1
23,238.0,49.2,34.0,0.63,ELDS,First Choice,61.8,0
17,185.0,62.8,24.0,0.7,Catchment,First Choice,51.9,0
21,197.0,69.4,44.0,0.64,Catchment,Second Choice,71.4,1
22,245.0,76.8,33.0,0.73,Non-Catchment,First Choice,100.0,1
17,233.0,55.9,39.0,0.94,Non-Catchment,First Choice,43.5,0
17,217.0,60.2,34.0,0.81,ELDS,First Choice,67.8,0
16,163.0,57.8,33.0,0.71,Catchment,First Choice,60.6,0
23,175.0,29.9,36.0,0.48,Catchment,First Choice,80.9,0
16,232.0,49.5,35.0,0.56,Non-Catchment,First Choice,64.1,1
24,253.0,49.5,33.0,0.87,Non-Catchment,First Choice,45.5,1
21,170.0,47.3,35.0,0.61,Non-Catchment,First Choice,36.7,0
22,182.0,54.4,38.0,0.51,Catchment,First Choice,72.2,0
22,226.0,51.7,38.0,1.0,Catchment,First Choice,38.3,0
18,225.0,40.2,35.0,1.0,Catchment,Second Choice,83.7,0
17,147.0,52.7,39.0,0.68,ELDS,First Choice,71.1,1
24,227.0,45.4,32.0,0.48,Catchment,First Choice,61.7,0
23,193.0,15.7,45.0,0.84,Non-Catchment,First Choice,33.8,0
22,294.0,34.0,44.0,0.6,Non-Catchment,First Choice,73.5,1
24,231.0,56.3,40.0,0.88,Catchment,First Choice,92.3,1
19,239.0,71.4,23.0,0.6,Catchment,First Choice,51.5,0
19,240.0,18.6,39.0,1.0,Non-Catchment,First Choice,45.2,0
16,165.0,41.9,33.0,0.6,Catchment,First Choice,58.2,0
23,307.0,61.5,29.0,1.0,Catchment,First Choice,69.3,1
18,147.0,68.2,33.0,0.74,Catchment,First Choice,49.4,0
22,256.0,48.7,30.0,0.98,Non-Catchment,First Choice,78.0,0
17,248.0,44.8,38.0,0.59,ELDS,First Choice,98.2,0
17,199.0,73.3,45.0,0.44,Non-Catchment,First Choice,66.6,1
22,250.0,66.9,40.0,0.24,Non-Catchment,Second Choice,53.5,1
21,206.0,67.9,45.0,0.96,Non-Catchment,First Choice,68.8,1
18,190.0,48.0,26.0,0.71,Non-Catchment,First Choice,83.5,0
24,241.0,71.7,32.0,0.45,ELDS,Second Choice,63.2,0
21,175.0,25.8,29.0,0.96,Non-Catchment,First Choice,69.7,0
21,210.0,72.0,42.0,0.93,Catchment,First Choice,74.1,1
16,193.0,54.0,34.0,0.98,ELDS,First Choice,42.5,0
19,205.0,56.9,36.0,0.43,Non-Catchment,First Choice,69.2,0
21,239.0,40.8,39.0,0.95,Catchment,Second Choice,33.2,0
21,193.0,27.8,26.0,0.78,ELDS,First Choice,46.8,0
20,211.0,56.6,31.0,0.99,Catchment,First Choice,82.9,0
16,197.0,63.3,41.0,0.81,Catchment,First Choice,77.4,1
23,285.0,65.5,32.0,0.73,Non-Catchment,Second Choice,54.6,1
20,235.0,63.9,25.0,0.95,Catchment,First Choice,94.1,0
20,230.0,60.5,30.0,0.87,Non-Catchment,Second Choice,33.8,0
22,251.0,41.1,33.0,0.92,Catchment,First Choice,55.9,0
19,193.0,66.5,36.0,0.6,Catchment,Second Choice,65.5,1
21,259.0,39.5,35.0,0.67,Non-Catchment,First Choice,3.8,0
19,236.0,71.6,31.0,0.35,Non-Catchment,First Choice,56.8,0
18,150.0,53.7,41.0,0.59,Catchment,First Choice,37.5,0
22,156.0,54.2,34.0,0.86,ELDS,Second Choice,38.0,0
23,194.0,68.0,36.0,0.81,Non-Catchment,First Choice,54.6,1
19,161.0,70.0,32.0,0.5,Catchment,First Choice,23.5,0
17,209.0,66.6,44.0,0.96,Catchment,First Choice,43.8,1
18,174.0,42.7,33.0,1.0,Non-Catchment,First Choice,24.0,0
16,216.0,66.4,35.0,0.52,Non-Catchment,Second Choice,62.5,0
23,284.0,42.8,41.0,0.66,Catchment,First Choice,62.1,1
18,218.0,66.8,37.0,0.58,Catchment,Second Choice,53.0,0
22,206.0,33.6,37.0,0.68,Non-Catchment,First Choice,79.9,0
20,237.0,53.6,23.0,0.75,Catchment,Second Choice,54.1,0
20,189.0,42.7,39.0,0.56,Non-Catchment,First Choice,59.5,0
22,258.0,68.0,35.0,0.64,ELDS,First Choice,41.9,1
24,242.0,71.7,38.0,0.72,Catchment,First Choice,13.9,1
20,222.0,58.0,36.0,0.79,Non-Catchment,Second Choice,57.1,1
16,227.0,57.5,32.0,0.99,ELDS,First Choice,54.5,1
16,312.0,65.6,40.0,0.7,ELDS,First Choice,94.2,1
17,262.0,71.8,36.0,0.59,ELDS,Second Choice,73.3,0
21,319.0,55.6,27.0,0.84,Non-Catchment,Second Choice,51.7,0
24,244.0,47.5,43.0,0.78,Non-Catchment,Second Choice,62.8,1
23,154.0,64.7,26.0,0.66,Non-Catchment,First Choice,78.1,0
20,208.0,27.1,40.0,0.8,Non-Catchment,First Choice,70.3,0
16,143.0,68.6,44.0,0.62,Non-Catchment,First Choice,93.4,1
22,244.0,44.3,28.0,0.59,Catchment,First Choice,44.2,0
20,254.0,51.4,34.0,0.32,Catchment,First Choice,79.5,1
21,180.0,68.7,34.0,0.63,Catchment,First Choice,51.5,0
22,190.0,48.8,34.0,0.35,Non-Catchment,Second Choice,63.9,0
18,227.0,64.7,45.0,0.57,Non-Catchment,First Choice,48.8,1
18,166.0,72.1,28.0,0.82,Non-Catchment,First Choice,57.2,0
20,163.0,56.7,33.0,0.4,Catchment,First Choice,64.2,0
21,276.0,59.7,44.0,0.66,Non-Catchment,First Choice,71.9,1
24,225.0,53.2,33.0,0.71,Catchment,First Choice,61.2,0
20,195.0,56.7,29.0,0.65,Non-Catchment,First Choice,10.3,0
16,144.0,38.3,37.0,0.6,Catchment,First Choice,58.5,0
19,258.0,50.6,40.0,0.77,ELDS,Second Choice,89.4,1
20,189.0,35.7,33.0,0.79,Non-Catchment,First Choice,58.3,0
20,304.0,41.5,38.0,0.7,Non-Catchment,Second Choice,90.0,1
22,259.0,25.0,27.0,0.61,Non-Catchment,First Choice,57.6,0
19,184.0,59.0,27.0,0.87,Non-Catchment,First Choice,28.6,0
16,188.0,80.4,32.0,0.44,Catchment,First Choice,51.3,1
20,297.0,48.2,39.0,0.84,Non-Catchment,First Choice,48.8,1
22,216.0,69.5,40.0,0.78,ELDS,First Choice,55.4,1
21,197.0,71.9,28.0,0.74,Non-Catchment,First Choice,36.3,0
20,221.0,37.0,39.0,0.7,Non-Catchment,Second Choice,59.8,0
19,197.0,40.2,36.0,0.32,ELDS,Second Choice,53.4,0
17,231.0,69.9,30.0,0.98,Non-Catchment,First Choice,85.8,1
19,217.0,53.6,27.0,0.87,Non-Catchment,First Choice,35.8,0
18,259.0,35.6,36.0,0.51,Non-Catchment,First Choice,64.9,0
16,203.0,45.4,43.0,0.85,ELDS,Second Choice,68.2,0
23,180.0,61.3,35.0,0.74,ELDS,First Choice,75.5,0
20,204.0,43.1,29.0,0.58,ELDS,First Choice,52.7,1
19,204.0,13.4,24.0,0.94,Non-Catchment,First Choice,64.4,0
23,217.0,50.2,44.0,0.61,Catchment,First Choice,67.1,1
22,249.0,51.4,41.0,0.97,Catchment,First Choice,27.0,0
17,246.0,55.1,37.0,0.81,Catchment,First Choice,53.4,1
16,274.0,73.9,44.0,0.89,ELDS,First Choice,59.3,1
19,183.0,55.8,36.0,0.82,Non-Catchment,First Choice,61.7,1
23,237.0,58.6,32.0,0.81,Non-Catchment,First Choice,61.4,1
17,253.0,70.8,38.0,0.74,Non-Catchment,Second Choice,68.8,1
18,190.0,55.2,30.0,0.55,Catchment,First Choice,98.8,0
16,211.0,87.0,29.0,0.71,Non-Catchment,First Choice,48.1,0
16,141.0,36.0,40.0,0.88,Non-Catchment,First Choice,67.6,0
18,261.0,41.0,40.0,0.84,Non-Catchment,First Choice,86.0,1
20,210.0,64.2,27.0,0.8,Catchment,First Choice,24.0,0
18,256.0,73.8,28.0,0.28,Non-Catchment,First Choice,65.4,0
16,229.0,52.0,32.0,0.66,Catchment,First Choice,26.4,0
16,212.0,39.8,31.0,0.64,ELDS,First Choice,100.0,0
23,148.0,81.4,38.0,0.48,Catchment,First Choice,70.4,1
17,156.0,43.1,35.0,0.88,ELDS,First Choice,67.7,0
18,103.0,60.1,42.0,0.29,Catchment,First Choice,22.5,0
17,195.0,74.7,37.0,0.87,Catchment,First Choice,49.9,1
18,323.0,48.4,31.0,0.97,Non-Catchment,First Choice,50.0,1
22,162.0,45.7,24.0,0.66,Non-Catchment,First Choice,95.3,0
16,102.0,46.7,36.0,0.69,Non-Catchment,First Choice,74.6,0
23,263.0,68.5,25.0,0.89,Catchment,First Choice,26.9,0
17,326.0,70.9,31.0,0.55,Catchment,Second Choice,69.4,1
18,233.0,55.5,31.0,0.83,Non-Catchment,First Choice,29.9,0
24,233.0,83.2,32.0,0.52,Catchment,First Choice,27.4,1
22,206.0,55.5,27.0,0.46,Catchment,First Choice,69.1,0
19,139.0,74.4,31.0,0.76,Non-Catchment,Second Choice,74.9,1
20,155.0,48.5,42.0,0.69,Catchment,First Choice,69.2,0
17,206.0,90.0,42.0,0.36,Catchment,Second Choice,97.6,1
23,197.0,78.6,44.0,0.98,Catchment,Second Choice,67.4,1
19,215.0,53.1,35.0,0.62,ELDS,First Choice,63.4,1
24,257.0,76.5,37.0,0.8,Catchment,First Choice,35.7,1
20,194.0,75.8,42.0,1.0,ELDS,First Choice,77.2,1
24,258.0,78.3,26.0,0.75,Catchment,First Choice,27.0,1
19,194.0,17.8,40.0,0.95,Non-Catchment,First Choice,100.0,0
20,267.0,65.8,43.0,0.53,Catchment,First Choice,77.4,1
24,224.0,63.1,30.0,0.98,Non-Catchment,First Choice,100.0,1
23,200.0,62.1,43.0,0.53,Non-Catchment,First Choice,67.8,1
18,223.0,58.3,45.0,0.59,Non-Catchment,Second Choice,78.4,1
16,207.0,58.7,40.0,0.41,Non-Catchment,First Choice,54.5,1
18,225.0,74.2,39.0,0.75,Non-Catchment,Second Choice,59.1,1
19,254.0,63.1,28.0,0.83,Catchment,First Choice,39.0,0
17,216.0,58.3,41.0,0.85,Non-Catchment,First Choice,31.0,0
16,203.0,72.1,29.0,0.41,Non-Catchment,First Choice,63.8,0
22,169.0,61.3,37.0,0.77,Non-Catchment,Second Choice,59.0,0
23,246.0,62.7,38.0,0.78,Catchment,First Choice,38.5,1
22,236.0,83.0,15.0,0.82,ELDS,Second Choice,42.0,1
20,167.0,48.5,37.0,0.55,Non-Catchment,First Choice,60.6,0
16,258.0,32.3,45.0,0.2,Non-Catchment,Second Choice,38.1,0
22,166.0,56.1,22.0,0.84,Catchment,Second Choice,67.1,0
22,266.0,58.2,35.0,0.67,Non-Catchment,Second Choice,38.8,0
24,251.0,65.8,23.0,0.76,Non-Catchment,First Choice,65.1,0
18,239.0,56.6,30.0,0.68,Non-Catchment,First Choice,37.0,1
24,203.0,66.3,23.0,0.75,ELDS,First Choice,37.1,0
16,246.0,92.6,36.0,0.85,Non-Catchment,First Choice,12.8,1
16,268.0,67.0,40.0,0.33,Non-Catchment,First Choice,56.8,0
19,247.0,69.7,37.0,0.93,Non-Catchment,First Choice,89.1,1
24,190.0,53.1,29.0,0.66,Non-Catchment,First Choice,87.9,0
21,232.0,34.2,31.0,1.0,Non-Catchment,Second Choice,66.5,1
18,271.0,20.5,37.0,0.61,Catchment,First Choice,20.0,0
16,319.0,47.2,30.0,0.56,Catchment,First Choice,76.9,1
19,211.0,16.3,27.0,0.67,Non-Catchment,First Choice,64.5,0
24,259.0,62.7,34.0,0.8,Non-Catchment,Second Choice,51.9,1
18,271.0,49.3,29.0,0.65,Catchment,First Choice,84.1,0
24,183.0,35.3,37.0,0.81,Catchment,Second Choice,72.3,0
22,300.0,57.0,43.0,0.62,Non-Catchment,First Choice,99.2,1
19,172.0,43.9,45.0,0.71,Catchment,Second Choice,31.9,0
18,256.0,61.8,37.0,1.0,Non-Catchment,First Choice,33.5,0
20,234.0,65.6,39.0,0.77,Non-Catchment,First Choice,36.8,1
20,223.0,44.5,31.0,0.79,Catchment,First Choice,54.3,0
18,335.0,51.4,32.0,0.41,Non-Catchment,Second Choice,91.8,1
24,206.0,58.2,43.0,0.97,Non-Catchment,First Choice,47.5,1
19,206.0,33.9,33.0,0.91,Non-Catchment,Second Choice,48.0,0
20,280.0,58.2,35.0,0.56,Catchment,First Choice,68.3,0
19,254.0,33.5,42.0,0.91,Non-Catchment,First Choice,76.9,1
20,278.0,63.5,33.0,0.77,Non-Catchment,First Choice,15.3,0
22,225.0,48.5,44.0,0.71,Catchment,First Choice,80.8,1
24,234.0,33.5,38.0,0.96,Catchment,First Choice,46.9,0
22,306.0,46.3,38.0,0.6,Catchment,Second Choice,58.0,0
20,182.0,46.9,31.0,0.56,Catchment,Second Choice,88.4,1
22,215.0,71.0,38.0,0.74,Catchment,First Choice,55.7,0
20,256.0,57.6,32.0,0.81,Catchment,Second Choice,29.4,0
18,211.0,40.7,38.0,0.89,ELDS,First Choice,30.5,0
22,194.0,79.7,34.0,0.67,Non-Catchment,First Choice,59.4,1
17,248.0,64.4,41.0,0.53,Catchment,First Choice,53.3,1
24,280.0,50.0,35.0,1.0,Non-Catchment,First Choice,61.2,1
16,214.0,31.7,45.0,0.48,Catchment,First Choice,52.0,1
21,212.0,48.6,33.0,0.71,Non-Catchment,First Choice,84.8,0
22,191.0,51.7,32.0,0.86,Catchment,First Choice,60.5,1
23,207.0,60.5,37.0,0.93,Catchment,Second Choice,24.7,1
24,269.0,64.1,41.0,0.59,Non-Catchment,First Choice,76.3,1
17,224.0,67.1,41.0,0.33,Catchment,Second Choice,98.1,0
17,184.0,30.8,36.0,0.58,Non-Catchment,Second Choice,63.1,0
20,232.0,58.1,37.0,0.87,Non-Catchment,First Choice,64.7,1
20,267.0,52.6,37.0,0.83,Catchment,First Choice,44.4,0
21,195.0,95.2,29.0,0.83,Non-Catchment,First Choice,55.2,0
18,160.0,56.0,41.0,0.84,Non-Catchment,Second Choice,70.1,1
23,319.0,45.7,27.0,0.97,Catchment,Second Choice,82.6,1
16,158.0,56.7,29.0,0.54,Catchment,Second Choice,68.9,1
21,204.0,54.9,35.0,0.46,Catchment,First Choice,96.4,0
19,230.0,25.2,33.0,0.77,ELDS,Second Choice,62.0,0
16,208.0,61.1,40.0,0.49,Non-Catchment,First Choice,37.6,0
22,217.0,50.3,38.0,0.45,Catchment,First Choice,38.1,0
24,246.0,54.6,36.0,0.94,Non-Catchment,First Choice,84.7,1
19,112.0,41.9,28.0,0.75,Catchment,Second Choice,80.1,0
19,163.0,38.6,35.0,0.71,Catchment,Second Choice,27.1,1
21,222.0,68.2,35.0,0.71,Catchment,First Choice,55.8,1
18,202.0,71.6,36.0,0.68,Non-Catchment,Second Choice,56.5,1
21,226.0,61.3,32.0,0.94,Catchment,Second Choice,45.0,0
22,230.0,27.8,38.0,0.4,Non-Catchment,First Choice,31.8,0
18,125.0,62.2,33.0,0.39,Non-Catchment,First Choice,44.5,0
22,277.0,28.1,38.0,0.51,Catchment,First Choice,40.9,0
18,198.0,45.1,40.0,0.76,Catchment,First Choice,32.3,1
17,181.0,68.0,32.0,1.0,Catchment,First Choice,76.6,0
19,229.0,64.9,30.0,0.87,Non-Catchment,First Choice,65.7,1
23,225.0,61.9,38.0,0.82,ELDS,Second Choice,50.7,0
24,274.0,74.7,27.0,0.68,Catchment,First Choice,18.6,1
22,232.0,63.4,42.0,0.43,Catchment,First Choice,54.0,1
16,272.0,24.7,35.0,0.8,Catchment,First Choice,70.4,0
18,178.0,49.5,34.0,1.0,Catchment,First Choice,45.3,0
24,226.0,54.4,38.0,0.65,Non-Catchment,Second Choice,37.0,0
16,170.0,52.6,38.0,0.59,Catchment,First Choice,57.5,0
24,224.0,45.7,35.0,0.65,Catchment,First Choice,66.7,1
23,215.0,39.5,40.0,0.82,Non-Catchment,Second Choice,20.0,0
16,213.0,91.0,31.0,0.72,Catchment,First Choice,87.1,1
21,213.0,49.2,39.0,0.88,Non-Catchment,Second Choice,35.0,0
20,253.0,90.3,29.0,0.69,Catchment,First Choice,51.5,1
21,148.0,37.9,38.0,0.65,ELDS,First Choice,83.6,0
20,180.0,64.9,33.0,0.75,Catchment,Second Choice,62.5,0
21,218.0,58.4,27.0,0.59,ELDS,First Choice,81.9,0
20,167.0,41.2,37.0,1.0,Catchment,First Choice,91.1,0
20,222.0,48.0,35.0,0.86,Non-Catchment,First Choice,30.8,0
19,218.0,54.8,26.0,0.48,Catchment,First Choice,78.0,0
18,157.0,42.3,22.0,0.55,Non-Catchment,Second Choice,86.5,0
18,155.0,51.2,34.0,0.81,Catchment,Second Choice,52.5,0
19,102.0,19.5,45.0,0.74,Non-Catchment,First Choice,54.1,0
24,165.0,65.7,37.0,0.76,Non-Catchment,First Choice,21.7,1
17,221.0,73.4,31.0,0.66,Non-Catchment,Second Choice,75.6,1
24,227.0,61.8,41.0,0.79,Non-Catchment,Second Choice,9.3,1
16,229.0,89.0,40.0,0.67,Catchment,First Choice,79.4,0
16,185.0,65.2,43.0,0.81,Catchment,Second Choice,31.6,0
20,219.0,72.1,39.0,0.85,Non-Catchment,First Choice,87.8,1
21,238.0,73.6,40.0,1.0,Catchment,First Choice,67.9,1
21,163.0,13.7,39.0,0.6,Catchment,Second Choice,80.2,0
18,226.0,61.4,32.0,0.7,Catchment,First Choice,43.7,1
22,250.0,34.3,25.0,0.46,Catchment,First Choice,33.3,0
24,198.0,37.3,32.0,1.0,Non-Catchment,First Choice,24.7,0
23,268.0,39.9,42.0,0.3,Non-Catchment,First Choice,81.8,1
21,199.0,50.3,33.0,1.0,ELDS,First Choice,73.3,1
23,181.0,64.8,34.0,0.72,Catchment,First Choice,74.0,1
20,245.0,61.5,28.0,0.78,ELDS,First Choice,65.8,1
23,311.0,54.8,32.0,0.67,Non-Catchment,First Choice,70.9,1
19,224.0,65.8,35.0,0.71,ELDS,First Choice,54.2,0
23,249.0,66.8,38.0,0.82,Non-Catchment,First Choice,67.4,1
17,197.0,61.6,32.0,0.37,Non-Catchment,First Choice,42.9,0
20,164.0,29.1,32.0,0.57,Catchment,First Choice,53.1,0
24,227.0,43.9,40.0,0.53,Catchment,First Choice,100.0,0
19,235.0,55.4,37.0,0.79,Catchment,Second Choice,60.8,1
21,204.0,66.0,38.0,0.7,ELDS,First Choice,20.6,0
16,248.0,35.1,44.0,0.82,ELDS,Second Choice,51.8,0
24,191.0,54.8,32.0,0.73,Non-Catchment,First Choice,38.8,0
16,179.0,31.5,35.0,0.91,Non-Catchment,Second Choice,63.2,0
20,268.0,70.4,38.0,0.55,ELDS,First Choice,42.2,1
19,268.0,58.6,30.0,0.71,Non-Catchment,Second Choice,55.8,0
18,191.0,34.8,36.0,0.92,Non-Catchment,First Choice,45.2,0
21,297.0,34.7,35.0,0.88,Non-Catchment,Second Choice,63.9,1
17,207.0,60.8,45.0,0.4,Non-Catchment,First Choice,47.5,0
18,224.0,75.6,36.0,0.5,Catchment,Second Choice,67.1,0
20,216.0,38.5,42.0,0.68,Non-Catchment,Second Choice,99.0,0
24,244.0,66.8,40.0,0.65,Non-Catchment,First Choice,36.9,0
17,232.0,46.9,28.0,0.69,Non-Catchment,First Choice,74.5,1
23,232.0,67.3,26.0,0.86,Non-Catchment,First Choice,10.9,0
17,174.0,65.2,36.0,0.76,Catchment,Second Choice,55.3,1
20,144.0,57.3,43.0,0.77,Catchment,First Choice,64.6,1
22,271.0,27.5,37.0,0.83,Non-Catchment,First Choice,45.0,0
23,195.0,65.2,35.0,0.91,Non-Catchment,First Choice,24.3,0
16,218.0,62.5,33.0,0.09,Catchment,First Choice,59.2,1
21,235.0,61.2,27.0,0.62,Non-Catchment,First Choice,90.6,1
16,293.0,57.9,29.0,0.52,Non-Catchment,First Choice,57.1,1
17,227.0,41.8,25.0,0.8,ELDS,First Choice,71.2,0
16,202.0,71.2,28.0,0.61,Non-Catchment,First Choice,82.5,1
20,196.0,68.5,32.0,0.72,Catchment,First Choice,100.0,1
24,218.0,38.9,40.0,0.87,Non-Catchment,First Choice,39.0,0
21,179.0,74.7,32.0,0.58,Non-Catchment,First Choice,41.0,0
16,221.0,57.0,37.0,0.77,Non-Catchment,First Choice,54.2,0
16,218.0,56.9,36.0,1.0,Non-Catchment,First Choice,72.3,0
17,294.0,52.4,38.0,0.87,Catchment,Second Choice,13.6,1
24,216.0,53.8,29.0,0.38,Non-Catchment,First Choice,73.1,0
18,133.0,75.6,41.0,0.64,Non-Catchment,First Choice,63.0,0
16,340.0,70.5,27.0,0.77,Non-Catchment,First Choice,49.3,1
20,263.0,70.2,32.0,0.81,Catchment,First Choice,68.5,1
22,314.0,57.8,35.0,0.65,Non-Catchment,First Choice,77.8,1
21,168.0,68.3,40.0,0.57,Non-Catchment,Second Choice,80.6,1
16,210.0,42.5,43.0,0.71,Non-Catchment,First Choice,60.3,0
20,250.0,63.8,40.0,0.48,Catchment,First Choice,66.5,1
20,244.0,52.7,43.0,0.92,Catchment,First Choice,65.8,1
21,234.0,24.1,30.0,1.0,Catchment,Second Choice,84.6,0
18,121.0,31.2,42.0,0.78,Non-Catchment,First Choice,67.6,0
20,143.0,45.1,41.0,0.65,Non-Catchment,First Choice,72.9,0
22,288.0,61.2,21.0,0.89,Non-Catchment,First Choice,77.9,1
20,296.0,45.1,34.0,0.85,Non-Catchment,First Choice,99.2,1
20,215.0,46.1,39.0,0.64,Non-Catchment,Second Choice,48.3,0
20,283.0,66.4,32.0,0.69,Catchment,First Choice,92.5,1
18,174.0,46.7,28.0,0.58,Catchment,First Choice,100.0,1
16,184.0,75.0,45.0,0.73,Non-Catchment,First Choice,49.6,1
20,170.0,72.5,36.0,0.76,Non-Catchment,First Choice,55.7,1
24,182.0,55.3,36.0,0.54,Non-Catchment,First Choice,51.4,0
16,253.0,66.3,27.0,0.49,Non-Catchment,Second Choice,73.1,1
18,181.0,64.3,31.0,0.43,Non-Catchment,First Choice,22.8,0
19,321.0,51.3,30.0,0.78,Catchment,First Choice,50.0,1
16,241.0,67.9,41.0,0.7,Non-Catchment,First Choice,54.5,1
16,269.0,70.1,38.0,0.68,ELDS,Second Choice,52.8,1
23,242.0,40.7,32.0,0.79,Non-Catchment,First Choice,52.6,0
17,275.0,57.3,38.0,0.52,Catchment,Second Choice,50.2,1
23,181.0,57.1,33.0,0.49,Non-Catchment,First Choice,75.5,0
22,285.0,67.7,36.0,0.75,Catchment,First Choice,70.8,1
17,226.0,48.3,36.0,0.35,Catchment,First Choice,94.1,0
21,274.0,46.0,38.0,0.65,Non-Catchment,First Choice,75.6,0
21,155.0,57.5,37.0,1.0,Catchment,First Choice,38.0,0
18,228.0,72.7,38.0,0.43,ELDS,First Choice,56.6,0
17,227.0,37.0,43.0,0.61,Non-Catchment,First Choice,54.5,0
16,192.0,39.6,39.0,0.28,Non-Catchment,First Choice,65.1,0
21,234.0,47.2,33.0,0.65,Non-Catchment,First Choice,81.9,1
20,289.0,49.9,34.0,1.0,Catchment,First Choice,63.7,1
24,189.0,28.5,42.0,0.79,Non-Catchment,Second Choice,63.8,0
16,263.0,77.5,36.0,0.58,ELDS,First Choice,60.2,1
22,169.0,53.0,33.0,1.0,Non-Catchment,Second Choice,76.2,0
20,315.0,50.8,31.0,0.35,Non-Catchment,First Choice,48.6,0
20,255.0,79.3,37.0,0.79,ELDS,First Choice,30.9,1
17,298.0,65.8,30.0,0.71,Catchment,Second Choice,72.9,1
18,250.0,47.0,43.0,0.65,Catchment,First Choice,67.5,1
22,238.0,57.5,29.0,0.86,Catchment,First Choice,86.5,1
21,256.0,54.4,44.0,0.46,Non-Catchment,First Choice,11.4,0
17,214.0,76.7,33.0,0.76,Non-Catchment,First Choice,58.0,1
21,147.0,52.5,29.0,0.74,Non-Catchment,First Choice,62.1,0
17,240.0,33.4,36.0,0.53,ELDS,Second Choice,29.8,0
17,186.0,26.8,29.0,1.0,Non-Catchment,First Choice,58.3,0
17,170.0,77.1,35.0,0.66,Catchment,First Choice,83.7,1
18,249.0,43.2,32.0,0.67,Catchment,Second Choice,100.0,1
17,207.0,65.1,41.0,0.49,ELDS,First Choice,79.6,1
19,266.0,56.1,36.0,0.67,Catchment,First Choice,53.5,0
24,184.0,48.8,28.0,1.0,Non-Catchment,First Choice,85.2,1
21,199.0,51.1,31.0,0.65,Catchment,First Choice,78.2,0
16,272.0,78.8,39.0,0.8,Catchment,Second Choice,50.3,1
23,233.0,33.3,43.0,0.89,Non-Catchment,First Choice,48.4,1
22,154.0,49.2,35.0,0.66,Catchment,First Choice,56.6,0
18,232.0,68.6,29.0,0.62,ELDS,First Choice,39.0,1
16,287.0,35.8,41.0,0.79,Non-Catchment,Second Choice,53.8,1
20,198.0,74.8,39.0,0.65,Non-Catchment,First Choice,69.7,0
19,247.0,68.4,43.0,0.63,Non-Catchment,Second Choice,80.8,1
23,182.0,59.1,37.0,0.89,Non-Catchment,Second Choice,52.4,0
16,214.0,47.5,32.0,0.69,ELDS,First Choice,87.8,1
16,269.0,33.8,38.0,0.94,Catchment,First Choice,73.0,1
19,230.0,65.6,37.0,0.68,Catchment,First Choice,73.9,1
23,278.0,96.2,32.0,0.44,Catchment,First Choice,41.6,1
20,239.0,57.2,36.0,0.01,Non-Catchment,Second Choice,96.2,1
17,320.0,27.6,34.0,0.33,ELDS,First Choice,71.1,1
21,150.0,61.9,39.0,0.37,Catchment,First Choice,53.3,0
20,210.0,67.9,38.0,0.75,Non-Catchment,First Choice,49.8,0
17,171.0,41.2,29.0,0.51,Catchment,Second Choice,53.8,0
18,174.0,45.3,28.0,0.31,Catchment,First Choice,39.6,0
24,175.0,43.8,34.0,0.67,Non-Catchment,First Choice,79.8,0
22,228.0,47.0,35.0,0.48,Catchment,First Choice,41.7,0
22,230.0,52.4,40.0,0.79,Non-Catchment,First Choice,65.8,1
21,239.0,42.1,38.0,0.79,Non-Catchment,First Choice,51.0,0
23,169.0,36.5,44.0,0.81,Non-Catchment,First Choice,73.4,0
19,205.0,57.6,32.0,0.19,Non-Catchment,First Choice,76.1,0
23,177.0,52.3,32.0,0.71,Non-Catchment,First Choice,47.1,0
19,262.0,48.5,29.0,0.68,Non-Catchment,Second Choice,59.3,0
23,181.0,56.2,39.0,0.46,Catchment,First Choice,31.1,0
24,210.0,32.2,35.0,0.27,Non-Catchment,First Choice,94.0,0
18,245.0,58.9,24.0,0.68,Catchment,First Choice,81.4,0
18,192.0,48.8,36.0,0.91,Catchment,First Choice,32.1,0
17,251.0,58.6,37.0,0.18,Non-Catchment,First Choice,42.7,1
18,292.0,61.0,34.0,0.53,Non-Catchment,Second Choice,57.3,1
18,229.0,72.0,37.0,0.73,Catchment,First Choice,60.8,1
20,261.0,56.5,28.0,0.92,Catchment,First Choice,46.3,1
20,127.0,71.0,45.0,0.64,Catchment,First Choice,37.1,1
17,201.0,50.2,37.0,1.0,Catchment,First Choice,67.9,1
21,228.0,50.9,24.0,0.34,Non-Catchment,First Choice,94.8,0
20,173.0,53.6,35.0,0.3,Catchment,Second Choice,61.1,0
21,229.0,66.6,37.0,0.9,Non-Catchment,First Choice,54.2,1
16,268.0,64.5,28.0,0.23,Non-Catchment,First Choice,52.1,0
20,135.0,57.0,38.0,0.79,Non-Catchment,Second Choice,38.1,0
24,166.0,36.6,45.0,0.64,Non-Catchment,First Choice,46.6,0
17,228.0,64.2,31.0,0.52,Catchment,First Choice,82.7,1
16,241.0,42.1,38.0,0.61,Catchment,First Choice,18.6,0
24,253.0,41.3,36.0,0.44,Non-Catchment,First Choice,61.4,1
24,225.0,37.9,41.0,0.64,Catchment,First Choice,60.6,0
24,241.0,53.8,34.0,0.7,Non-Catchment,Second Choice,62.4,0
21,261.0,73.2,29.0,0.62,Catchment,Second Choice,74.5,1
23,201.0,40.5,40.0,0.58,Catchment,First Choice,61.2,0
16,193.0,80.2,29.0,0.75,Catchment,First Choice,50.9,0
19,212.0,68.6,45.0,1.0,Catchment,Second Choice,46.9,1
16,229.0,33.0,38.0,0.65,ELDS,First Choice,86.0,0
23,190.0,49.3,31.0,0.86,Catchment,First Choice,80.8,0
16,202.0,39.4,42.0,0.51,Non-Catchment,First Choice,100.0,0
18,238.0,65.0,35.0,0.43,Non-Catchment,First Choice,54.4,1
19,227.0,40.2,34.0,0.79,Non-Catchment,Second Choice,47.2,1
23,212.0,30.7,31.0,0.65,Non-Catchment,First Choice,69.1,1
21,142.0,50.1,24.0,0.93,ELDS,First Choice,68.6,0
22,220.0,72.5,39.0,0.97,Catchment,First Choice,72.7,1
23,176.0,52.1,25.0,0.87,Non-Catchment,First Choice,76.9,0
17,264.0,61.0,30.0,0.86,Catchment,First Choice,72.5,1
23,206.0,61.6,38.0,0.01,Non-Catchment,First Choice,81.5,0
18,175.0,32.3,32.0,0.79,Non-Catchment,Second Choice,84.2,0
22,217.0,41.5,36.0,0.87,Non-Catchment,First Choice,84.5,0
18,277.0,55.1,28.0,0.45,Catchment,Second Choice,14.8,0
22,248.0,46.6,33.0,0.7,Catchment,First Choice,64.6,0
17,230.0,80.6,36.0,0.49,Non-Catchment,First Choice,41.5,1
21,160.0,36.6,29.0,0.91,Non-Catchment,First Choice,81.1,0
18,293.0,41.4,45.0,0.51,Catchment,Second Choice,14.4,0
18,192.0,59.4,31.0,0.54,ELDS,First Choice,89.4,0
24,262.0,45.6,43.0,0.61,ELDS,First Choice,42.7,0
22,205.0,11.6,34.0,1.0,Non-Catchment,First Choice,38.1,0
20,258.0,84.0,26.0,0.9,Non-Catchment,First Choice,67.1,1
22,279.0,38.9,28.0,1.0,Catchment,First Choice,52.5,0
24,249.0,63.4,36.0,0.34,ELDS,First Choice,95.6,1
16,254.0,36.2,41.0,0.45,Non-Catchment,First Choice,87.3,0
22,216.0,42.1,45.0,0.97,Catchment,First Choice,49.8,0
21,200.0,30.7,36.0,0.35,Non-Catchment,First Choice,80.8,0
24,226.0,43.9,28.0,0.57,Catchment,First Choice,49.1,0
16,205.0,45.3,37.0,1.0,Non-Catchment,First Choice,48.9,1
19,331.0,53.0,30.0,0.51,Catchment,First Choice,74.3,1
24,175.0,49.4,37.0,0.34,Non-Catchment,First Choice,89.1,0
19,265.0,33.4,29.0,0.71,Non-Catchment,First Choice,51.2,0
18,243.0,47.1,22.0,0.34,Non-Catchment,First Choice,52.7,0
24,230.0,76.7,43.0,0.95,Catchment,First Choice,66.0,1
17,287.0,74.9,34.0,0.52,Non-Catchment,First Choice,42.1,1
19,233.0,61.8,35.0,0.48,Non-Catchment,First Choice,91.3,1
21,191.0,64.9,41.0,0.71,Catchment,First Choice,41.9,1
17,233.0,85.9,45.0,0.62,ELDS,First Choice,47.3,1
23,212.0,63.6,39.0,0.75,Non-Catchment,First Choice,95.3,1
23,243.0,64.7,36.0,0.8,Non-Catchment,First Choice,64.3,0
16,257.0,31.5,38.0,0.66,Catchment,First Choice,98.9,0
18,181.0,38.3,33.0,0.47,Catchment,First Choice,55.6,0
24,274.0,54.5,35.0,0.85,Catchment,First Choice,100.0,1
20,209.0,42.9,36.0,0.56,Non-Catchment,Second Choice,72.3,1
21,240.0,40.0,30.0,0.53,Catchment,First Choice,45.0,0
19,248.0,41.8,35.0,0.73,Non-Catchment,Second Choice,44.6,1
17,237.0,33.6,37.0,0.31,Catchment,First Choice,30.9,0
23,215.0,43.1,38.0,0.78,Catchment,Second Choice,33.0,0
21,198.0,60.1,38.0,0.74,Non-Catchment,First Choice,46.8,0
20,208.0,81.9,27.0,0.92,ELDS,First Choice,40.2,0
24,290.0,67.0,42.0,0.6,Catchment,First Choice,8.4,1
16,181.0,64.5,42.0,0.96,Non-Catchment,First Choice,76.8,0
20,188.0,30.6,34.0,0.81,Non-Catchment,Second Choice,75.5,0
21,186.0,56.8,38.0,0.69,Non-Catchment,First Choice,66.2,0
20,226.0,54.0,34.0,1.0,Non-Catchment,First Choice,37.3,0
21,151.0,59.4,40.0,0.72,ELDS,First Choice,92.9,0
21,159.0,49.6,30.0,0.6,Catchment,First Choice,56.4,0
22,208.0,79.9,43.0,0.72,Non-Catchment,Second Choice,43.3,1
19,162.0,55.8,39.0,0.59,Non-Catchment,First Choice,64.7,1
23,166.0,57.3,39.0,0.77,Non-Catchment,First Choice,63.5,0
22,162.0,25.6,34.0,0.96,Catchment,First Choice,9.9,0
24,182.0,53.4,27.0,0.7,ELDS,First Choice,59.4,0
22,253.0,72.2,40.0,0.72,Non-Catchment,Second Choice,62.4,1
18,263.0,63.3,27.0,0.86,Catchment,Second Choice,52.4,0
18,306.0,22.7,40.0,0.94,Catchment,First Choice,33.6,1
23,305.0,48.3,30.0,0.61,ELDS,First Choice,34.2,1
20,255.0,81.0,25.0,0.73,Catchment,Second Choice,70.3,1
19,266.0,52.7,35.0,0.86,Non-Catchment,First Choice,75.2,1
23,226.0,59.8,42.0,0.77,Catchment,First Choice,51.0,1
21,243.0,79.3,29.0,0.33,Catchment,First Choice,67.6,1
17,307.0,52.7,45.0,0.9,Catchment,First Choice,50.8,1
19,237.0,66.9,39.0,0.8,Catchment,First Choice,42.9,1
19,272.0,61.2,36.0,0.82,Catchment,Second Choice,64.3,1
21,178.0,64.4,32.0,0.46,Non-Catchment,First Choice,37.0,0
21,190.0,60.7,33.0,0.73,Non-Catchment,First Choice,97.9,0
16,234.0,46.8,38.0,0.87,Catchment,First Choice,31.2,0
23,227.0,48.3,40.0,0.52,Non-Catchment,First Choice,65.7,1
21,192.0,42.2,31.0,0.58,Non-Catchment,First Choice,63.0,0
18,328.0,30.4,30.0,0.87,Non-Catchment,First Choice,61.2,0
24,228.0,73.7,34.0,0.57,Non-Catchment,First Choice,89.7,1
17,200.0,55.2,43.0,0.66,Non-Catchment,First Choice,6.3,0
23,227.0,72.9,28.0,0.49,ELDS,First Choice,68.2,0
18,221.0,78.5,42.0,1.0,Non-Catchment,First Choice,54.5,1
20,228.0,55.8,35.0,0.8,Catchment,First Choice,71.7,1
21,148.0,35.3,25.0,0.65,Non-Catchment,First Choice,61.1,0
21,278.0,52.1,32.0,0.61,Catchment,Second Choice,58.5,0
19,281.0,44.9,39.0,0.45,Catchment,First Choice,35.9,0
18,286.0,25.3,45.0,0.68,Non-Catchment,First Choice,46.5,0
19,235.0,47.5,27.0,0.83,Non-Catchment,First Choice,100.0,1
16,250.0,53.9,18.0,0.54,Catchment,First Choice,71.9,0
19,181.0,45.4,27.0,0.72,Non-Catchment,First Choice,81.1,0
16,257.0,43.4,42.0,0.63,Catchment,Second Choice,53.0,0
16,231.0,35.8,24.0,0.98,Catchment,First Choice,42.9,0
21,199.0,57.9,44.0,0.57,ELDS,First Choice,75.5,0
20,259.0,83.0,42.0,0.86,Non-Catchment,Second Choice,21.9,1
19,261.0,74.2,36.0,0.98,Non-Catchment,First Choice,47.0,1
18,223.0,64.8,31.0,0.62,Non-Catchment,First Choice,52.9,0
16,240.0,65.1,35.0,0.58,ELDS,First Choice,78.9,1
21,174.0,53.0,39.0,0.88,Catchment,Second Choice,68.3,0
17,276.0,27.9,38.0,0.34,Catchment,First Choice,50.5,1
23,180.0,49.5,45.0,0.79,Non-Catchment,First Choice,67.4,1
20,188.0,40.5,33.0,0.38,Non-Catchment,First Choice,53.9,0
22,223.0,57.3,27.0,0.94,Non-Catchment,First Choice,81.4,1
17,270.0,73.5,26.0,0.65,Catchment,First Choice,64.7,1
23,270.0,84.6,25.0,0.68,Catchment,First Choice,94.7,1
17,220.0,56.0,36.0,0.56,Non-Catchment,First Choice,54.4,1
19,255.0,30.0,34.0,0.38,Catchment,First Choice,84.5,0
16,144.0,55.9,35.0,0.95,Catchment,Second Choice,61.8,0
20,188.0,56.3,32.0,0.67,Catchment,First Choice,46.1,0
24,189.0,65.2,28.0,1.0,Catchment,First Choice,100.0,1
16,276.0,54.7,39.0,0.54,Non-Catchment,First Choice,86.2,1
24,249.0,56.0,20.0,0.57,Non-Catchment,First Choice,64.7,1
23,228.0,45.5,30.0,0.52,Catchment,First Choice,75.3,0
21,233.0,50.3,40.0,0.66,Catchment,First Choice,38.4,1
22,291.0,62.7,30.0,1.0,Non-Catchment,First Choice,39.1,0
18,212.0,24.9,37.0,0.9,Catchment,First Choice,82.3,0
16,161.0,50.2,30.0,0.4,Non-Catchment,First Choice,60.1,0
20,269.0,65.3,32.0,0.94,Non-Catchment,First Choice,56.9,0
17,228.0,79.6,38.0,0.84,Non-Catchment,First Choice,54.2,1
20,263.0,49.0,27.0,0.8,Non-Catchment,First Choice,63.0,0
23,218.0,72.8,39.0,0.56,Catchment,First Choice,54.9,1
24,182.0,80.4,35.0,0.58,Non-Catchment,Second Choice,19.4,0
17,238.0,49.2,43.0,0.73,Catchment,Second Choice,88.3,1
18,220.0,46.6,36.0,0.59,Catchment,First Choice,57.8,0
18,228.0,52.3,29.0,0.96,Catchment,First Choice,96.6,1
16,293.0,53.8,45.0,0.58,Non-Catchment,First Choice,24.8,0
23,171.0,71.4,29.0,0.31,Catchment,First Choice,24.7,0
21,233.0,43.4,34.0,0.44,Catchment,Second Choice,54.5,0
23,183.0,78.1,41.0,0.45,Non-Catchment,First Choice,79.6,1
24,103.0,43.0,24.0,0.65,ELDS,First Choice,35.6,0
20,218.0,36.0,44.0,0.74,Catchment,Second Choice,34.8,0
18,221.0,62.9,28.0,0.71,Non-Catchment,First Choice,67.4,0
20,248.0,73.5,32.0,0.79,Catchment,First Choice,53.7,1
20,210.0,57.7,37.0,0.65,ELDS,First Choice,70.9,0
20,153.0,61.5,35.0,0.66,Catchment,First Choice,54.1,0
18,183.0,84.3,40.0,1.0,Non-Catchment,First Choice,67.7,1
19,279.0,73.7,25.0,0.94,Catchment,Second Choice,87.3,1
24,182.0,55.5,39.0,0.78,Non-Catchment,First Choice,35.6,0
24,291.0,48.5,40.0,0.88,Catchment,First Choice,83.7,1
17,267.0,71.4,41.0,0.31,Catchment,Second Choice,25.9,1
23,206.0,67.4,25.0,0.54,Catchment,First Choice,72.2,0
23,187.0,61.3,26.0,0.61,Catchment,First Choice,88.4,0
22,267.0,50.1,33.0,0.54,Non-Catchment,First Choice,49.5,0
23,209.0,53.9,27.0,0.39,Non-Catchment,First Choice,72.9,0
18,150.0,52.8,24.0,0.78,Non-Catchment,First Choice,50.3,0
21,245.0,50.3,33.0,0.98,ELDS,Second Choice,71.7,0
16,239.0,46.0,36.0,0.7,Non-Catchment,First Choice,14.8,1
22,271.0,59.0,45.0,0.83,ELDS,First Choice,63.2,1
16,236.0,45.3,38.0,0.69,Catchment,First Choice,67.9,0
24,195.0,57.7,45.0,0.61,ELDS,Second Choice,86.9,1
16,277.0,23.5,35.0,0.88,Catchment,First Choice,78.5,1
16,282.0,46.0,38.0,0.41,Non-Catchment,Second Choice,56.8,0
22,230.0,71.5,34.0,0.33,Non-Catchment,First Choice,65.4,0
17,223.0,41.5,45.0,0.41,Non-Catchment,Second Choice,31.1,0
20,160.0,63.9,31.0,0.87,Non-Catchment,Second Choice,92.9,1
23,193.0,42.7,32.0,0.72,Catchment,First Choice,73.8,0
23,254.0,66.6,40.0,0.78,ELDS,First Choice,22.8,1
18,195.0,50.5,36.0,1.0,ELDS,First Choice,64.9,1
22,154.0,50.0,32.0,0.47,ELDS,First Choice,66.4,0
18,377.0,55.8,41.0,0.94,ELDS,First Choice,44.5,1
21,154.0,34.8,35.0,0.62,Non-Catchment,First Choice,61.9,0
21,322.0,69.6,35.0,0.59,ELDS,First Choice,42.5,1
18,206.0,74.6,36.0,0.72,Non-Catchment,First Choice,31.9,0
22,216.0,49.6,25.0,0.75,Non-Catchment,First Choice,47.7,0
18,190.0,62.9,25.0,0.66,Non-Catchment,First Choice,63.4,1
23,255.0,66.7,42.0,0.82,ELDS,First Choice,78.6,1
19,155.0,53.6,31.0,0.72,Non-Catchment,First Choice,61.4,0
16,137.0,38.4,34.0,0.66,Non-Catchment,First Choice,78.8,0
19,292.0,78.9,45.0,0.62,Catchment,First Choice,73.0,1
22,184.0,49.1,34.0,0.75,Non-Catchment,First Choice,39.3,0
19,254.0,45.9,34.0,0.43,ELDS,First Choice,72.8,0
21,171.0,79.6,40.0,0.49,Catchment,Second Choice,73.4,1
24,252.0,64.2,31.0,0.63,Catchment,First Choice,94.8,1
16,296.0,58.9,42.0,0.81,Catchment,First Choice,68.2,1
20,196.0,40.4,40.0,1.0,Non-Catchment,First Choice,35.3,0
22,133.0,67.0,45.0,0.67,Catchment,First Choice,48.9,1
16,296.0,98.4,31.0,0.35,Non-Catchment,First Choice,22.9,1
19,262.0,68.2,43.0,0.54,ELDS,First Choice,70.2,1
21,199.0,62.4,38.0,0.83,Non-Catchment,First Choice,93.1,1
17,210.0,65.8,27.0,0.51,Catchment,First Choice,12.2,0
20,170.0,50.1,19.0,0.44,ELDS,First Choice,93.9,0
16,284.0,49.9,30.0,0.83,Non-Catchment,First Choice,69.9,1
21,196.0,49.7,37.0,0.79,Catchment,First Choice,38.5,0
21,156.0,46.4,38.0,0.41,Non-Catchment,Second Choice,65.1,0
19,230.0,49.7,35.0,0.52,Non-Catchment,First Choice,39.1,0
23,181.0,49.6,35.0,0.95,Non-Catchment,First Choice,68.8,1
19,174.0,51.3,34.0,0.87,ELDS,First Choice,61.3,0
23,201.0,50.9,41.0,0.46,Catchment,Second Choice,66.6,1
23,224.0,58.6,26.0,0.3,Catchment,First Choice,41.6,0
20,158.0,56.2,37.0,0.75,Catchment,First Choice,44.5,0
19,282.0,57.5,30.0,0.64,Non-Catchment,First Choice,70.0,1
17,250.0,77.8,30.0,0.74,Non-Catchment,Second Choice,49.9,0
18,204.0,56.2,42.0,0.83,Non-Catchment,First Choice,63.0,0
18,179.0,88.2,29.0,0.51,Catchment,First Choice,69.1,0
19,216.0,60.3,34.0,0.61,ELDS,Second Choice,55.6,0
19,260.0,48.3,45.0,0.52,ELDS,First Choice,83.1,0
20,254.0,75.2,40.0,0.53,Catchment,First Choice,56.3,1
19,268.0,53.8,32.0,0.81,Non-Catchment,First Choice,55.7,1
23,198.0,19.1,33.0,0.73,Non-Catchment,First Choice,47.4,0
21,100.0,54.9,28.0,0.39,Catchment,First Choice,80.8,0
21,276.0,51.3,43.0,0.85,Catchment,Second Choice,45.9,1
23,212.0,79.1,41.0,0.63,Catchment,First Choice,85.1,1
22,250.0,41.5,39.0,0.85,Catchment,First Choice,63.3,0
23,295.0,50.0,40.0,0.5,Non-Catchment,First Choice,100.0,1
17,330.0,74.0,30.0,0.51,Catchment,First Choice,46.8,1
24,191.0,60.9,26.0,0.75,Catchment,First Choice,85.5,0
16,226.0,52.4,38.0,0.48,Non-Catchment,First Choice,70.2,0
23,282.0,43.7,40.0,0.65,Catchment,First Choice,49.7,0
19,182.0,60.3,45.0,0.46,Non-Catchment,First Choice,70.5,0
19,194.0,54.6,34.0,0.62,Non-Catchment,First Choice,69.5,0
20,194.0,43.5,33.0,0.69,Non-Catchment,First Choice,53.4,0
23,219.0,44.3,34.0,0.7,ELDS,Second Choice,68.6,0
20,210.0,42.8,39.0,0.63,Catchment,First Choice,83.3,1
23,193.0,40.1,33.0,0.77,Non-Catchment,First Choice,70.2,0
16,177.0,69.0,35.0,0.73,Catchment,First Choice,51.6,1
24,257.0,67.0,40.0,0.68,Non-Catchment,First Choice,50.5,1
21,280.0,69.0,31.0,0.57,Non-Catchment,First Choice,58.3,1
18,287.0,55.1,43.0,0.91,Catchment,First Choice,82.2,1
23,198.0,51.4,39.0,0.78,Non-Catchment,First Choice,44.9,0
24,258.0,51.6,24.0,0.49,Catchment,First Choice,67.8,0
21,231.0,70.3,32.0,0.83,ELDS,Second Choice,28.8,1
22,194.0,27.7,23.0,0.88,Catchment,First Choice,71.9,0
16,253.0,47.3,34.0,0.68,Non-Catchment,First Choice,75.0,0
20,192.0,41.7,32.0,0.7,Catchment,First Choice,100.0,1
20,203.0,75.4,40.0,0.29,Non-Catchment,First Choice,78.5,0
19,158.0,47.8,30.0,0.53,ELDS,First Choice,52.0,0
21,199.0,30.5,37.0,0.87,Non-Catchment,First Choice,29.3,0
22,231.0,58.4,38.0,0.54,Catchment,First Choice,70.3,1
24,291.0,49.4,37.0,0.67,Non-Catchment,First Choice,53.5,1
16,204.0,46.6,42.0,0.53,Catchment,Second Choice,66.7,1
21,173.0,45.1,45.0,0.75,Non-Catchment,First Choice,45.6,0
22,287.0,44.5,36.0,0.78,Catchment,Second Choice,56.5,1
18,197.0,65.6,37.0,0.78,Catchment,First Choice,26.0,0
23,141.0,58.4,30.0,0.47,Non-Catchment,First Choice,39.1,0
20,226.0,52.0,29.0,0.72,Catchment,Second Choice,36.3,0
24,205.0,38.5,41.0,1.0,Non-Catchment,First Choice,77.5,1
20,324.0,52.5,40.0,0.85,Catchment,First Choice,43.5,1
24,241.0,58.9,29.0,0.72,Catchment,First Choice,87.6,1
19,213.0,59.5,27.0,0.31,Non-Catchment,First Choice,43.7,0
24,178.0,57.4,31.0,0.65,Catchment,First Choice,100.0,1
20,235.0,41.2,34.0,1.0,Catchment,First Choice,21.0,0
24,286.0,19.0,33.0,0.96,Non-Catchment,First Choice,68.5,0
18,234.0,82.0,36.0,0.79,Non-Catchment,First Choice,60.8,1
19,182.0,35.4,41.0,0.56,Non-Catchment,First Choice,35.8,0
24,244.0,25.5,38.0,0.71,Catchment,First Choice,49.0,0
21,218.0,57.0,38.0,0.85,Catchment,First Choice,54.8,1
17,240.0,29.4,20.0,0.89,Non-Catchment,Second Choice,65.0,0
22,204.0,42.9,25.0,0.76,ELDS,Second Choice,41.3,0
17,203.0,63.2,30.0,0.87,Catchment,Second Choice,68.5,0
17,201.0,81.6,31.0,0.69,Non-Catchment,First Choice,62.4,1
16,262.0,60.8,40.0,0.68,Catchment,First Choice,75.6,1
18,203.0,48.4,30.0,0.61,Catchment,First Choice,42.8,0
21,199.0,54.2,39.0,0.78,Catchment,First Choice,51.8,1
23,178.0,27.9,30.0,0.9,Non-Catchment,First Choice,88.8,0
24,240.0,48.2,28.0,0.84,Catchment,First Choice,41.9,0
22,234.0,48.3,28.0,0.46,ELDS,First Choice,32.2,0
19,200.0,57.3,45.0,0.47,Non-Catchment,First Choice,47.4,0
21,188.0,84.1,30.0,0.92,Catchment,First Choice,24.5,0
20,304.0,25.9,39.0,0.74,Non-Catchment,First Choice,93.5,1
23,135.0,48.9,26.0,0.74,Catchment,First Choice,54.3,0
16,242.0,27.5,44.0,0.74,Non-Catchment,First Choice,54.5,1
16,278.0,47.4,37.0,1.0,Catchment,First Choice,74.9,1
21,100.0,42.0,37.0,0.61,Catchment,First Choice,45.5,0
17,256.0,32.6,37.0,0.92,Catchment,First Choice,55.7,1
20,210.0,68.7,38.0,0.75,Catchment,First Choice,45.0,1
16,232.0,58.8,40.0,0.38,Catchment,First Choice,24.9,1
22,205.0,66.9,31.0,0.54,Catchment,First Choice,61.0,1
16,268.0,47.0,31.0,0.58,ELDS,First Choice,80.5,1
19,236.0,53.9,35.0,0.92,Catchment,First Choice,61.6,1
24,226.0,78.9,39.0,0.95,Catchment,First Choice,78.4,1
16,180.0,55.0,35.0,0.77,ELDS,First Choice,38.1,0
19,305.0,67.1,40.0,0.6,Non-Catchment,First Choice,44.9,1
21,220.0,45.7,39.0,0.52,Non-Catchment,First Choice,34.1,0
21,323.0,65.7,34.0,0.93,Catchment,First Choice,67.3,1
23,307.0,46.8,25.0,0.44,Non-Catchment,First Choice,53.6,1
16,140.0,26.6,32.0,0.68,Catchment,First Choice,52.9,0
22,191.0,54.9,45.0,1.0,Non-Catchment,First Choice,73.4,0
16,173.0,47.9,37.0,0.6,ELDS,First Choice,50.5,0
22,218.0,30.6,31.0,0.45,Non-Catchment,Second Choice,81.6,0
18,228.0,57.9,37.0,0.35,Catchment,Second Choice,64.7,1
23,230.0,41.6,39.0,1.0,Non-Catchment,First Choice,52.7,0
18,267.0,100.0,31.0,0.77,Non-Catchment,First Choice,29.0,1
16,287.0,33.0,42.0,0.53,Non-Catchment,First Choice,73.3,1
23,264.0,36.8,38.0,0.66,Non-Catchment,First Choice,65.7,0
18,195.0,68.0,28.0,0.57,Non-Catchment,First Choice,66.6,0
17,185.0,53.0,40.0,0.33,Non-Catchment,First Choice,67.3,0
16,220.0,67.7,33.0,0.86,ELDS,First Choice,49.4,1
18,239.0,60.7,34.0,0.71,Non-Catchment,First Choice,57.0,0
17,212.0,46.3,29.0,0.84,Catchment,First Choice,50.8,0
17,159.0,34.3,39.0,0.7,Non-Catchment,First Choice,85.0,1
21,251.0,71.1,34.0,0.73,Catchment,First Choice,54.5,1
16,202.0,35.7,39.0,0.25,Non-Catchment,First Choice,47.6,0
17,201.0,63.4,32.0,0.88,Catchment,First Choice,86.4,0
21,218.0,68.8,31.0,0.48,Non-Catchment,First Choice,84.2,0
18,209.0,53.1,31.0,0.53,Non-Catchment,Second Choice,64.7,1
19,204.0,50.4,37.0,0.59,Catchment,First Choice,57.4,1
16,162.0,40.2,31.0,0.29,Non-Catchment,Second Choice,52.4,0
23,215.0,61.9,34.0,0.58,Non-Catchment,First Choice,59.1,0
22,252.0,9.3,32.0,0.57,Catchment,First Choice,42.5,0
22,232.0,65.7,38.0,0.62,Non-Catchment,First Choice,69.7,0
18,263.0,56.8,25.0,0.36,ELDS,First Choice,93.1,0
18,187.0,51.7,36.0,0.89,Catchment,First Choice,71.3,0
17,162.0,58.6,45.0,0.78,Non-Catchment,First Choice,37.9,1
16,209.0,34.4,42.0,0.53,Non-Catchment,First Choice,69.1,0
22,192.0,18.8,31.0,0.58,ELDS,First Choice,63.9,0
22,197.0,62.0,38.0,0.87,Non-Catchment,First Choice,68.9,1
17,230.0,74.7,37.0,0.65,Non-Catchment,First Choice,43.6,1
22,197.0,28.9,44.0,0.45,ELDS,Second Choice,60.1,0
23,164.0,39.2,20.0,0.68,Non-Catchment,First Choice,77.7,0
16,195.0,66.3,42.0,0.48,Non-Catchment,Second Choice,38.6,1
24,235.0,60.4,33.0,0.56,Catchment,First Choice,51.0,0
22,250.0,99.4,31.0,0.69,Catchment,First Choice,54.2,1
18,250.0,71.1,30.0,0.91,Non-Catchment,First Choice,80.0,1
23,239.0,67.5,27.0,1.0,Non-Catchment,First Choice,82.9,0
22,212.0,43.5,31.0,0.97,Catchment,First Choice,21.7,0
23,238.0,62.9,29.0,0.69,Catchment,First Choice,80.0,0
21,218.0,77.4,36.0,1.0,Non-Catchment,First Choice,83.6,1
24,225.0,52.5,39.0,0.81,Catchment,First Choice,82.3,1
20,178.0,53.2,33.0,0.5,Catchment,First Choice,49.4,0
18,222.0,57.1,44.0,0.72,Catchment,First Choice,55.4,0
18,237.0,45.0,32.0,0.57,Non-Catchment,First Choice,28.7,0
16,235.0,59.0,33.0,0.45,Non-Catchment,First Choice,18.1,0
23,162.0,58.7,32.0,0.47,Catchment,First Choice,52.8,0
17,224.0,77.2,39.0,0.67,Catchment,Second Choice,61.5,1
18,155.0,52.2,39.0,0.85,Non-Catchment,First Choice,63.5,1
23,228.0,65.1,38.0,0.91,Non-Catchment,First Choice,76.4,1
23,188.0,52.6,34.0,0.45,Non-Catchment,First Choice,100.0,0
19,297.0,64.6,27.0,0.64,Catchment,First Choice,52.1,1
19,225.0,51.2,33.0,0.8,Non-Catchment,First Choice,38.9,0
20,256.0,63.6,44.0,0.73,Non-Catchment,First Choice,70.9,1
21,315.0,65.9,41.0,0.84,Catchment,Second Choice,64.4,1
20,183.0,39.0,37.0,0.61,Non-Catchment,First Choice,48.5,0
22,240.0,71.5,33.0,0.95,Catchment,First Choice,78.2,1
17,167.0,52.5,35.0,0.7,Catchment,First Choice,43.8,0
22,236.0,48.0,33.0,0.85,Catchment,First Choice,57.4,0
22,299.0,44.3,42.0,0.62,Non-Catchment,First Choice,58.6,1
16,192.0,59.5,30.0,0.71,Catchment,First Choice,41.0,0
22,180.0,54.9,41.0,0.38,Catchment,First Choice,25.8,0
20,216.0,60.6,32.0,0.53,Catchment,First Choice,64.4,1
18,312.0,60.9,43.0,0.66,Catchment,First Choice,87.4,1
18,255.0,64.1,38.0,0.72,Non-Catchment,Second Choice,79.2,1
19,179.0,96.6,31.0,1.0,Catchment,First Choice,80.6,1
17,285.0,55.6,33.0,0.62,Catchment,First Choice,44.0,1
17,146.0,44.0,39.0,0.42,Non-Catchment,First Choice,64.3,0
16,316.0,24.7,32.0,1.0,Non-Catchment,First Choice,31.5,0
20,259.0,37.1,35.0,0.92,Non-Catchment,Second Choice,63.4,1
19,299.0,73.5,32.0,0.47,Catchment,First Choice,87.8,1
17,146.0,65.8,45.0,0.79,Non-Catchment,First Choice,88.4,1
18,228.0,34.8,45.0,0.87,Catchment,First Choice,100.0,1
22,214.0,92.0,44.0,0.73,Catchment,First Choice,79.8,1
22,175.0,59.9,34.0,0.77,Non-Catchment,First Choice,69.5,1
19,162.0,61.9,33.0,0.57,ELDS,First Choice,77.5,0
20,243.0,88.7,30.0,0.8,Non-Catchment,Second Choice,73.6,1
20,247.0,81.1,44.0,0.6,Catchment,First Choice,43.9,1
21,278.0,66.7,41.0,0.17,Non-Catchment,First Choice,29.7,0
24,197.0,67.4,41.0,0.74,Catchment,Second Choice,77.7,1
17,214.0,68.8,34.0,0.36,Non-Catchment,Second Choice,100.0,1
20,158.0,51.4,24.0,0.9,Catchment,First Choice,78.5,1
18,289.0,59.3,26.0,0.47,Catchment,Second Choice,22.2,1
19,223.0,63.6,35.0,0.21,Non-Catchment,Second Choice,49.6,0
21,253.0,53.1,32.0,0.35,ELDS,First Choice,56.1,0
23,254.0,40.5,31.0,0.69,Non-Catchment,Second Choice,22.9,0
16,286.0,51.0,37.0,0.74,Non-Catchment,First Choice,32.5,1
23,183.0,40.2,41.0,0.42,Non-Catchment,First Choice,59.3,0
22,251.0,56.0,31.0,0.49,Non-Catchment,Second Choice,65.2,1
16,219.0,28.3,27.0,0.7,Non-Catchment,First Choice,40.3,0
17,315.0,60.1,31.0,0.89,Non-Catchment,First Choice,31.5,0
18,182.0,30.5,29.0,0.46,Catchment,First Choice,83.9,0
16,273.0,48.9,39.0,0.78,Catchment,Second Choice,52.3,1
24,236.0,62.6,35.0,0.35,ELDS,First Choice,55.2,0
23,233.0,66.9,45.0,0.76,ELDS,First Choice,49.1,1
17,222.0,65.1,39.0,0.85,Catchment,First Choice,44.6,1
24,281.0,59.8,45.0,0.8,Catchment,First Choice,86.1,1
22,232.0,38.2,27.0,0.9,ELDS,First Choice,42.4,0
24,151.0,69.7,15.0,0.89,Non-Catchment,First Choice,63.6,0
21,275.0,38.6,36.0,1.0,Non-Catchment,First Choice,60.2,1
21,267.0,71.4,36.0,0.72,Catchment,Second Choice,21.0,0
19,246.0,64.4,34.0,1.0,Non-Catchment,First Choice,64.8,1
17,169.0,75.4,36.0,0.51,Catchment,Second Choice,29.1,0
22,176.0,55.4,28.0,0.66,Catchment,First Choice,72.7,0
20,136.0,42.7,38.0,0.68,Catchment,Second Choice,36.3,0
21,241.0,35.6,39.0,0.49,ELDS,First Choice,70.4,0
17,159.0,37.3,28.0,0.23,Non-Catchment,First Choice,51.4,0
20,143.0,30.4,33.0,0.87,Non-Catchment,First Choice,46.5,0
19,277.0,69.1,33.0,0.51,Catchment,First Choice,64.2,0
24,255.0,71.0,31.0,0.62,ELDS,First Choice,30.6,1
21,205.0,63.3,28.0,1.0,Non-Catchment,First Choice,58.6,0
17,214.0,54.5,35.0,0.81,Non-Catchment,First Choice,75.6,0
16,112.0,85.9,37.0,1.0,ELDS,First Choice,80.9,1
20,261.0,53.5,31.0,0.72,Catchment,Second Choice,50.7,0
24,189.0,58.3,28.0,0.81,Non-Catchment,First Choice,53.7,0
21,235.0,54.3,37.0,0.65,ELDS,Second Choice,30.2,1
22,108.0,49.9,30.0,0.53,Non-Catchment,First Choice,45.0,0
20,264.0,64.5,33.0,0.81,Non-Catchment,First Choice,28.8,0
21,186.0,45.5,32.0,0.61,Catchment,First Choice,68.8,0
20,158.0,44.5,42.0,0.83,Non-Catchment,Second Choice,76.8,0
24,205.0,65.2,31.0,0.59,Non-Catchment,First Choice,50.9,0
21,193.0,47.5,45.0,0.66,Catchment,First Choice,38.8,0
23,268.0,57.0,40.0,0.68,Non-Catchment,First Choice,66.2,1
17,201.0,49.9,45.0,0.92,Catchment,First Choice,42.6,0
24,281.0,54.8,39.0,0.62,Catchment,First Choice,73.4,0
20,235.0,44.9,34.0,0.94,Non-Catchment,First Choice,98.7,1
22,260.0,45.4,29.0,0.52,Non-Catchment,First Choice,42.3,0
16,220.0,42.7,33.0,0.75,Catchment,First Choice,45.2,1
20,277.0,67.6,44.0,0.56,Catchment,Second Choice,30.8,0
17,168.0,57.6,35.0,0.92,Catchment,First Choice,62.9,0
21,225.0,68.8,39.0,0.54,Catchment,First Choice,61.6,0
16,202.0,70.4,36.0,0.56,Catchment,Second Choice,54.6,0
18,283.0,48.1,36.0,0.45,Catchment,First Choice,60.3,1
20,287.0,68.2,37.0,0.72,Catchment,First Choice,39.1,1
19,220.0,54.8,38.0,0.82,Non-Catchment,Second Choice,26.7,0
18,162.0,52.6,30.0,0.8,ELDS,First Choice,44.8,0
20,239.0,73.8,33.0,0.67,Non-Catchment,First Choice,21.7,1
23,145.0,63.3,37.0,0.57,Non-Catchment,First Choice,42.3,0
19,293.0,49.7,36.0,0.64,Catchment,First Choice,66.2,1
16,199.0,62.3,32.0,0.65,Non-Catchment,First Choice,61.2,1
22,219.0,36.0,37.0,0.75,Non-Catchment,First Choice,24.5,0
23,189.0,58.7,30.0,0.74,Non-Catchment,First Choice,81.0,0
18,179.0,32.5,28.0,1.0,Catchment,Second Choice,56.1,0
21,253.0,40.2,37.0,0.71,Catchment,First Choice,34.0,1
17,213.0,63.8,28.0,0.77,Non-Catchment,First Choice,52.7,0
22,222.0,14.9,37.0,0.71,Non-Catchment,First Choice,48.3,0
23,175.0,82.0,23.0,0.63,Non-Catchment,Second Choice,42.6,0
21,259.0,67.5,31.0,0.77,Catchment,Second Choice,76.3,1
21,263.0,27.4,33.0,0.62,Catchment,Second Choice,37.9,0
20,211.0,91.0,25.0,0.69,Non-Catchment,Second Choice,63.7,1
23,277.0,95.1,33.0,0.93,Non-Catchment,First Choice,33.2,1
16,215.0,52.3,42.0,0.6,Catchment,First Choice,59.3,1
19,255.0,41.1,27.0,0.78,Non-Catchment,First Choice,65.3,0
19,147.0,80.3,33.0,0.2,Catchment,First Choice,65.3,0
18,236.0,49.8,45.0,0.66,Non-Catchment,First Choice,61.6,1
18,208.0,57.4,29.0,0.6,Non-Catchment,First Choice,55.2,1
19,227.0,73.3,43.0,0.72,Non-Catchment,First Choice,38.7,1
16,225.0,52.7,33.0,0.65,Catchment,Second Choice,38.9,1
17,226.0,51.4,36.0,0.73,Catchment,First Choice,66.0,1
24,248.0,35.9,43.0,0.62,Non-Catchment,First Choice,34.8,1
17,195.0,45.5,32.0,0.78,Catchment,First Choice,30.2,0
20,246.0,51.1,39.0,0.36,Non-Catchment,First Choice,88.6,0
24,275.0,36.4,40.0,0.72,Non-Catchment,First Choice,54.8,0
24,157.0,37.8,31.0,0.51,Catchment,First Choice,72.7,0
23,185.0,55.5,30.0,0.93,Non-Catchment,First Choice,77.5,0
16,187.0,27.3,34.0,0.51,Catchment,First Choice,61.0,0
16,171.0,41.8,34.0,0.9,ELDS,First Choice,52.5,0
24,199.0,84.2,29.0,0.7,Non-Catchment,First Choice,52.8,0
23,266.0,49.8,31.0,0.33,Non-Catchment,First Choice,92.2,1
24,285.0,47.9,14.0,0.52,Catchment,First Choice,48.8,0
22,225.0,49.8,33.0,0.87,ELDS,First Choice,63.5,1
18,205.0,50.0,40.0,0.86,Non-Catchment,Second Choice,73.5,1
18,256.0,63.6,25.0,0.44,Catchment,First Choice,65.0,0
17,114.0,62.6,32.0,1.0,Catchment,First Choice,81.7,0
20,173.0,49.1,45.0,0.7,Catchment,Second Choice,52.3,0
18,116.0,51.8,35.0,0.88,ELDS,Second Choice,73.5,0
21,172.0,74.7,43.0,0.46,Non-Catchment,Second Choice,24.1,0
17,185.0,32.3,29.0,0.61,ELDS,First Choice,86.9,0
18,286.0,54.1,38.0,0.78,Non-Catchment,First Choice,82.5,1
20,100.0,57.0,28.0,0.64,Non-Catchment,First Choice,53.9,0
16,201.0,43.3,37.0,0.12,Catchment,First Choice,68.8,0
16,248.0,53.3,40.0,0.66,Catchment,First Choice,77.8,1
24,238.0,41.3,39.0,0.31,Catchment,First Choice,39.2,0
22,286.0,64.6,33.0,0.49,Non-Catchment,First Choice,57.1,1
16,227.0,34.9,37.0,0.42,ELDS,Second Choice,33.9,0
23,237.0,70.9,37.0,0.93,ELDS,First Choice,82.8,1
18,137.0,53.9,39.0,0.99,Catchment,First Choice,76.5,0
23,176.0,48.3,34.0,0.77,Non-Catchment,First Choice,54.4,0
20,140.0,39.9,41.0,0.65,Non-Catchment,First Choice,52.1,0
16,246.0,70.5,44.0,0.71,Non-Catchment,First Choice,57.0,1
22,236.0,45.2,33.0,0.93,Non-Catchment,First Choice,42.1,1
20,234.0,37.5,35.0,0.3,Catchment,First Choice,56.5,0
21,180.0,70.8,30.0,0.48,ELDS,First Choice,39.2,0
21,176.0,41.4,37.0,0.9,Non-Catchment,First Choice,78.0,1
23,229.0,53.6,37.0,0.94,Non-Catchment,First Choice,82.7,1
24,190.0,67.3,35.0,0.82,Catchment,First Choice,78.9,1
17,174.0,57.4,36.0,0.49,Catchment,First Choice,36.1,0
24,197.0,81.0,45.0,0.9,Catchment,First Choice,55.8,1
24,190.0,42.5,18.0,0.97,Non-Catchment,First Choice,71.7,0
22,181.0,51.8,32.0,0.84,ELDS,First Choice,75.4,0
16,165.0,53.0,33.0,0.2,Non-Catchment,First Choice,23.2,0
22,240.0,64.3,44.0,0.72,Non-Catchment,First Choice,74.8,1
20,290.0,74.3,38.0,0.82,Non-Catchment,Second Choice,35.1,1
21,218.0,56.1,38.0,0.6,Catchment,First Choice,56.9,1
22,230.0,52.9,43.0,0.74,Non-Catchment,Second Choice,85.1,1
20,244.0,32.8,34.0,0.6,Non-Catchment,First Choice,82.4,0
22,236.0,56.7,39.0,0.53,Catchment,First Choice,86.5,1
24,182.0,45.2,32.0,1.0,Catchment,First Choice,38.7,0
18,297.0,64.3,29.0,0.74,Non-Catchment,Second Choice,43.6,0
23,186.0,48.9,45.0,0.48,Catchment,Second Choice,48.7,1
17,249.0,51.4,37.0,0.42,ELDS,First Choice,57.1,1
22,244.0,33.1,39.0,0.53,Non-Catchment,First Choice,64.3,0
17,132.0,27.8,29.0,0.53,Catchment,Second Choice,85.5,0
19,204.0,82.9,38.0,0.73,Catchment,First Choice,41.4,0
22,223.0,56.9,45.0,0.8,ELDS,Second Choice,47.4,1
18,226.0,61.1,33.0,0.8,Non-Catchment,First Choice,88.5,1
17,234.0,41.3,27.0,0.55,Non-Catchment,Second Choice,36.8,0
22,254.0,68.1,36.0,0.88,Catchment,Second Choice,74.5,1
16,220.0,65.4,29.0,0.95,Non-Catchment,First Choice,58.2,1
23,236.0,43.0,26.0,0.65,Non-Catchment,First Choice,67.8,0
18,218.0,39.1,31.0,0.49,Non-Catchment,First Choice,43.8,0
17,174.0,44.0,32.0,0.72,ELDS,First Choice,74.1,0
18,221.0,54.6,29.0,1.0,Catchment,First Choice,46.9,1
20,254.0,57.5,43.0,0.49,Non-Catchment,First Choice,31.6,0
23,270.0,55.6,45.0,0.59,Catchment,First Choice,69.6,1
22,244.0,74.5,39.0,0.71,Non-Catchment,Second Choice,9.9,1
22,280.0,44.3,37.0,0.81,Catchment,First Choice,48.6,1
22,239.0,38.7,34.0,0.3,ELDS,First Choice,65.8,0
23,259.0,55.0,30.0,0.96,Catchment,Second Choice,75.2,1
16,262.0,29.6,45.0,0.96,Non-Catchment,Second Choice,84.5,1
19,210.0,65.4,35.0,0.62,Non-Catchment,First Choice,95.6,1
21,253.0,56.5,32.0,1.0,ELDS,First Choice,89.4,1
24,178.0,49.9,41.0,0.95,Non-Catchment,Second Choice,63.8,0
17,236.0,49.1,35.0,0.93,Non-Catchment,First Choice,82.5,1
16,246.0,68.6,41.0,0.94,Catchment,Second Choice,63.5,1
17,267.0,68.2,33.0,0.93,Catchment,Second Choice,73.7,1
22,257.0,51.3,41.0,0.7,Non-Catchment,Second Choice,48.0,1
18,268.0,63.9,41.0,0.68,Catchment,First Choice,69.2,1
17,216.0,68.0,43.0,0.51,Catchment,Second Choice,50.5,0
22,204.0,60.0,31.0,0.58,Catchment,First Choice,56.5,0
17,208.0,51.9,35.0,0.64,Non-Catchment,First Choice,69.3,0
18,232.0,60.7,45.0,0.71,Non-Catchment,Second Choice,100.0,1
22,139.0,39.4,34.0,1.0,Catchment,First Choice,67.9,0
19,280.0,56.1,40.0,0.28,Catchment,First Choice,59.8,1
16,222.0,51.5,45.0,0.97,Non-Catchment,Second Choice,43.4,1
20,201.0,49.2,24.0,0.5,Non-Catchment,Second Choice,77.9,0
24,106.0,29.1,33.0,0.68,Non-Catchment,Second Choice,53.3,0
23,218.0,39.6,35.0,0.56,Non-Catchment,First Choice,67.5,0
24,211.0,47.7,24.0,1.0,Catchment,First Choice,74.0,0
24,180.0,68.4,32.0,0.6,Catchment,First Choice,85.3,0
22,190.0,59.3,29.0,0.8,Catchment,Second Choice,76.8,0
19,219.0,69.1,40.0,0.81,Non-Catchment,First Choice,35.5,1
20,194.0,73.6,25.0,0.47,Non-Catchment,First Choice,25.7,0
16,246.0,59.9,45.0,0.68,Catchment,First Choice,74.0,1
16,186.0,57.1,39.0,0.94,Non-Catchment,Second Choice,61.7,0
18,227.0,40.4,29.0,0.53,Non-Catchment,First Choice,67.8,0
23,273.0,84.8,41.0,0.87,ELDS,First Choice,94.4,1
17,218.0,33.7,39.0,0.63,Non-Catchment,First Choice,47.7,0
19,236.0,56.8,35.0,0.93,Non-Catchment,First Choice,85.8,1
17,233.0,67.5,31.0,1.0,Non-Catchment,First Choice,47.9,0
20,220.0,67.7,38.0,0.3,ELDS,First Choice,91.3,1
24,217.0,37.7,36.0,0.43,ELDS,First Choice,75.0,1
16,194.0,48.7,31.0,0.61,Non-Catchment,Second Choice,29.9,0
20,227.0,43.0,27.0,0.99,Non-Catchment,First Choice,51.7,0
24,207.0,25.3,30.0,0.81,Non-Catchment,First Choice,98.3,0
16,290.0,57.0,32.0,0.45,Non-Catchment,First Choice,95.8,1
24,257.0,44.2,42.0,0.84,Non-Catchment,Second Choice,72.1,1
23,155.0,77.6,40.0,0.52,Catchment,First Choice,67.1,0
19,157.0,64.2,32.0,0.87,ELDS,Second Choice,64.8,0
20,214.0,55.6,33.0,0.81,Non-Catchment,Second Choice,68.7,1
20,202.0,47.9,41.0,0.52,Non-Catchment,First Choice,57.2,1
21,212.0,56.7,37.0,0.69,Non-Catchment,First Choice,84.2,0
22,249.0,51.2,37.0,0.94,Non-Catchment,First Choice,71.6,1
23,234.0,56.0,31.0,0.32,Catchment,Second Choice,40.7,0
23,234.0,83.5,34.0,0.76,Non-Catchment,First Choice,73.1,1
17,285.0,39.0,35.0,0.48,Non-Catchment,First Choice,63.3,0
24,157.0,52.5,34.0,0.7,Catchment,First Choice,53.8,0
22,225.0,65.6,39.0,0.79,Non-Catchment,First Choice,98.0,1
19,194.0,49.0,40.0,1.0,Catchment,First Choice,62.1,1
19,285.0,78.7,29.0,0.69,Non-Catchment,First Choice,20.9,1
23,121.0,65.2,32.0,0.99,Catchment,First Choice,55.2,0
19,123.0,44.2,31.0,0.53,Non-Catchment,First Choice,79.9,0
21,234.0,58.1,43.0,0.6,Catchment,First Choice,41.5,0
20,271.0,44.4,45.0,0.82,Non-Catchment,First Choice,79.2,1
18,255.0,43.1,32.0,0.74,Catchment,First Choice,40.0,1
17,184.0,52.9,34.0,0.63,Non-Catchment,Second Choice,86.7,1
24,288.0,74.0,40.0,0.63,Non-Catchment,First Choice,48.5,1
24,165.0,66.2,31.0,0.97,Catchment,First Choice,53.0,0
16,279.0,54.7,40.0,0.64,Non-Catchment,First Choice,51.5,1
18,171.0,66.7,35.0,0.5,Catchment,First Choice,71.9,0
23,204.0,59.0,25.0,0.53,Non-Catchment,First Choice,96.9,0
21,249.0,37.5,27.0,0.83,Non-Catchment,First Choice,60.3,0
20,154.0,52.8,33.0,1.0,Non-Catchment,First Choice,59.8,0
20,286.0,53.9,42.0,0.6,Non-Catchment,Second Choice,48.5,1
21,204.0,66.4,30.0,1.0,Non-Catchment,First Choice,27.5,1
22,226.0,46.5,32.0,0.7,Catchment,First Choice,50.5,1
16,272.0,41.3,36.0,0.64,Non-Catchment,Second Choice,34.8,0
24,184.0,54.3,25.0,0.52,Catchment,First Choice,22.3,0
18,268.0,45.3,37.0,0.66,Non-Catchment,First Choice,58.5,1
19,294.0,50.1,26.0,0.55,Non-Catchment,First Choice,49.1,1
16,190.0,53.8,38.0,0.53,Catchment,First Choice,87.5,0
18,282.0,49.3,30.0,0.37,Catchment,First Choice,42.9,0
17,141.0,69.4,29.0,1.0,Catchment,Second Choice,73.4,0
17,238.0,76.2,37.0,0.91,ELDS,First Choice,73.0,1
16,165.0,67.9,40.0,0.75,Non-Catchment,First Choice,86.7,1
23,262.0,28.4,37.0,0.67,Catchment,First Choice,56.3,1
18,259.0,45.4,36.0,0.7,Non-Catchment,First Choice,86.4,0
18,313.0,52.3,36.0,0.54,Catchment,Second Choice,71.2,1
21,284.0,27.3,37.0,0.47,Non-Catchment,First Choice,82.8,1
23,213.0,41.9,38.0,0.84,Non-Catchment,Second Choice,100.0,1
24,171.0,52.1,33.0,0.65,Non-Catchment,First Choice,57.5,0
24,245.0,48.3,39.0,0.77,Non-Catchment,Second Choice,63.4,1
19,217.0,55.1,30.0,0.37,Non-Catchment,First Choice,52.8,0
20,290.0,34.3,42.0,0.64,Catchment,Second Choice,90.8,1
17,123.0,48.1,40.0,0.47,Non-Catchment,First Choice,100.0,0
24,318.0,57.3,45.0,0.8,Non-Catchment,Second Choice,74.7,1
23,244.0,55.2,38.0,0.9,ELDS,First Choice,27.8,1
18,183.0,61.7,40.0,0.99,Catchment,First Choice,42.3,1
24,253.0,60.8,26.0,0.57,Non-Catchment,Second Choice,83.2,1
18,278.0,48.9,41.0,0.47,Non-Catchment,First Choice,37.1,0
24,225.0,56.8,42.0,0.62,Non-Catchment,Second Choice,48.0,0
17,141.0,43.0,44.0,0.56,Catchment,First Choice,47.3,1
24,207.0,50.9,36.0,0.79,ELDS,First Choice,58.5,0
23,267.0,39.2,33.0,0.42,Catchment,Second Choice,65.1,1
24,242.0,71.0,28.0,0.35,Catchment,First Choice,22.2,1
20,213.0,50.9,29.0,0.63,Non-Catchment,First Choice,29.5,0
17,279.0,71.0,35.0,0.85,Catchment,Second Choice,29.9,1
23,253.0,59.7,24.0,0.49,Catchment,First Choice,32.3,0
21,257.0,41.7,30.0,0.87,Non-Catchment,First Choice,60.3,1
23,202.0,58.8,36.0,0.77,Catchment,First Choice,63.9,1
20,197.0,67.1,35.0,1.0,ELDS,Second Choice,80.3,1
17,144.0,53.8,29.0,0.54,Non-Catchment,Second Choice,71.1,0
21,208.0,56.1,28.0,0.38,Non-Catchment,Second Choice,48.4,0
20,262.0,46.7,28.0,0.82,Catchment,First Choice,64.6,1
20,211.0,55.4,34.0,0.76,Catchment,First Choice,81.1,1
16,240.0,58.6,45.0,0.74,Non-Catchment,First Choice,55.5,1
17,270.0,46.3,41.0,0.49,Non-Catchment,First Choice,53.8,1
23,237.0,38.8,36.0,0.86,Non-Catchment,First Choice,41.1,0
18,241.0,74.3,38.0,0.57,Catchment,First Choice,43.9,0
18,159.0,64.1,41.0,0.74,Non-Catchment,Second Choice,73.7,1
23,205.0,46.8,39.0,0.61,Catchment,Second Choice,59.9,0
23,298.0,58.3,33.0,0.77,Non-Catchment,First Choice,99.2,0
17,225.0,32.8,30.0,0.46,Non-Catchment,Second Choice,46.5,0
23,305.0,25.3,34.0,0.8,Catchment,Second Choice,75.2,0
16,187.0,71.3,41.0,0.83,Non-Catchment,First Choice,67.7,1
21,231.0,58.4,33.0,0.72,Catchment,First Choice,58.2,1
23,203.0,54.3,28.0,1.0,Non-Catchment,First Choice,51.3,1
18,247.0,58.5,25.0,0.74,Non-Catchment,First Choice,72.0,1
23,260.0,100.0,34.0,0.88,Catchment,First Choice,70.9,1
16,247.0,68.0,29.0,0.72,ELDS,First Choice,64.0,0
24,267.0,39.3,32.0,0.87,Non-Catchment,Second Choice,68.5,0
24,219.0,29.8,44.0,0.39,ELDS,First Choice,60.7,0
20,211.0,70.8,35.0,0.71,Catchment,First Choice,27.2,0
19,141.0,67.8,30.0,0.47,ELDS,First Choice,61.7,0
21,249.0,63.6,37.0,0.73,Catchment,First Choice,54.6,1
22,228.0,42.8,45.0,0.78,Non-Catchment,First Choice,98.9,1
20,217.0,60.4,34.0,0.86,ELDS,First Choice,72.7,1
24,211.0,44.1,21.0,0.8,Catchment,Second Choice,64.0,0
18,218.0,64.9,39.0,0.63,Catchment,First Choice,69.3,0
22,209.0,69.7,37.0,0.55,Non-Catchment,Second Choice,39.5,1
20,196.0,46.8,36.0,0.23,Non-Catchment,First Choice,47.8,0
22,231.0,72.0,34.0,0.71,Non-Catchment,First Choice,53.3,1
17,242.0,56.7,30.0,0.93,Catchment,First Choice,67.8,1
19,185.0,62.4,44.0,0.72,Non-Catchment,Second Choice,51.3,0
17,202.0,35.4,24.0,0.68,Catchment,Second Choice,50.0,0
22,211.0,58.5,33.0,0.73,ELDS,First Choice,38.6,0
17,220.0,44.9,33.0,0.62,Non-Catchment,First Choice,60.5,0
16,214.0,62.1,40.0,0.74,Non-Catchment,First Choice,63.3,0
24,250.0,77.0,42.0,0.62,Catchment,Second Choice,68.6,1
16,146.0,59.3,34.0,0.52,Non-Catchment,First Choice,46.1,0
23,154.0,41.5,36.0,0.68,Non-Catchment,First Choice,67.4,0
17,229.0,64.4,37.0,0.68,Non-Catchment,First Choice,39.2,1
23,193.0,61.0,41.0,1.0,Catchment,First Choice,55.6,1
18,260.0,85.9,41.0,0.54,Non-Catchment,Second Choice,66.0,1
21,273.0,58.8,32.0,0.67,Non-Catchment,First Choice,54.8,0
18,231.0,46.2,38.0,0.65,Catchment,First Choice,28.8,1
22,172.0,66.6,37.0,0.61,Non-Catchment,First Choice,31.1,0
24,267.0,53.1,34.0,0.8,Catchment,First Choice,64.4,1
17,229.0,56.2,37.0,1.0,Catchment,First Choice,71.6,1
20,153.0,41.1,35.0,0.64,Catchment,Second Choice,66.8,0
21,157.0,53.2,36.0,0.8,Non-Catchment,First Choice,72.1,0
19,288.0,55.5,27.0,0.32,Non-Catchment,First Choice,54.4,0
19,281.0,53.1,29.0,0.62,Non-Catchment,First Choice,74.8,1
19,107.0,46.1,40.0,1.0,Catchment,First Choice,66.7,0
17,159.0,59.3,28.0,0.69,Non-Catchment,First Choice,47.2,0
19,271.0,41.1,38.0,0.8,ELDS,Second Choice,70.3,0
16,219.0,37.6,35.0,0.58,Catchment,First Choice,65.9,1
21,252.0,65.6,41.0,0.75,Catchment,Second Choice,93.4,1
16,217.0,64.3,39.0,1.0,Non-Catchment,First Choice,87.6,1
21,249.0,35.4,32.0,0.47,Non-Catchment,First Choice,58.2,0
16,220.0,27.6,34.0,1.0,Non-Catchment,First Choice,51.6,0
21,200.0,39.9,23.0,0.39,Non-Catchment,Second Choice,91.2,0
23,268.0,53.1,34.0,0.6,Catchment,Second Choice,71.0,0
17,229.0,72.3,27.0,0.53,Non-Catchment,First Choice,56.5,0
17,249.0,52.7,34.0,0.65,Non-Catchment,First Choice,20.2,0
19,227.0,43.5,31.0,0.53,Catchment,First Choice,44.9,0
18,198.0,57.2,30.0,0.52,Catchment,First Choice,43.5,0
19,292.0,53.3,42.0,0.46,Non-Catchment,Second Choice,57.1,1
22,236.0,34.3,27.0,0.83,Non-Catchment,Second Choice,72.4,0
16,204.0,34.4,29.0,0.65,Non-Catchment,First Choice,75.4,0
21,278.0,34.8,31.0,0.6,ELDS,First Choice,90.0,1
18,161.0,92.2,32.0,0.76,Catchment,First Choice,78.6,1
22,321.0,67.9,30.0,0.4,ELDS,First Choice,34.0,1
17,212.0,46.1,33.0,0.76,Non-Catchment,First Choice,80.6,0
17,163.0,71.6,37.0,0.68,Non-Catchment,First Choice,94.7,1
19,306.0,46.5,39.0,0.69,Non-Catchment,First Choice,93.7,1
16,199.0,71.1,39.0,0.8,Non-Catchment,Second Choice,35.7,0
18,231.0,56.2,24.0,1.0,Catchment,First Choice,56.2,0
24,252.0,45.1,37.0,0.76,Non-Catchment,Second Choice,79.2,1
22,273.0,65.2,38.0,0.66,Non-Catchment,Second Choice,36.8,1
22,233.0,57.1,31.0,0.46,Non-Catchment,First Choice,25.5,0
19,191.0,61.0,45.0,0.22,Non-Catchment,Second Choice,66.3,1
17,230.0,58.2,42.0,0.73,Non-Catchment,First Choice,46.5,0
19,201.0,58.1,34.0,0.45,Non-Catchment,Second Choice,27.4,1
21,231.0,67.0,31.0,0.19,Non-Catchment,First Choice,84.6,1
18,293.0,93.8,45.0,0.63,Non-Catchment,Second Choice,63.3,1
16,254.0,73.7,35.0,0.75,Catchment,First Choice,49.6,1
23,229.0,58.3,36.0,0.85,Non-Catchment,First Choice,40.7,0
20,253.0,50.3,35.0,0.91,Catchment,First Choice,63.5,0
20,256.0,52.0,45.0,0.88,Non-Catchment,First Choice,70.3,1
19,171.0,36.2,34.0,0.88,ELDS,First Choice,66.5,0
21,222.0,65.0,35.0,0.41,Catchment,First Choice,29.6,1
18,335.0,39.8,30.0,0.67,Catchment,Second Choice,69.5,1
24,275.0,49.4,33.0,0.82,Catchment,First Choice,73.9,1
20,197.0,65.1,29.0,0.71,Non-Catchment,First Choice,53.1,0
18,193.0,51.4,30.0,0.67,ELDS,First Choice,80.8,0
16,191.0,47.6,24.0,0.71,Non-Catchment,First Choice,43.0,0
21,259.0,37.0,40.0,0.75,Catchment,First Choice,85.8,1
17,292.0,73.1,36.0,0.68,Non-Catchment,First Choice,62.6,1
18,246.0,42.5,36.0,0.53,Non-Catchment,Second Choice,50.1,0
16,227.0,46.2,35.0,0.36,Catchment,First Choice,53.6,0
24,200.0,28.1,35.0,0.66,Non-Catchment,Second Choice,80.0,0
23,235.0,54.7,45.0,0.71,Catchment,First Choice,64.7,0
17,183.0,50.0,30.0,0.71,Non-Catchment,Second Choice,72.9,1
23,133.0,57.7,37.0,0.89,Catchment,First Choice,81.5,0
24,294.0,37.4,37.0,0.93,Catchment,First Choice,49.5,1
16,175.0,66.0,42.0,0.68,Non-Catchment,First Choice,62.5,1
20,205.0,27.4,38.0,0.68,Non-Catchment,Second Choice,55.5,0
23,250.0,53.6,38.0,0.81,Catchment,First Choice,80.3,1
17,285.0,56.7,27.0,0.79,ELDS,Second Choice,52.4,0
19,232.0,55.9,30.0,0.61,Non-Catchment,First Choice,61.0,1
22,166.0,57.4,28.0,0.83,Catchment,First Choice,100.0,1
18,206.0,66.8,20.0,0.67,Non-Catchment,First Choice,85.7,1
20,189.0,74.9,37.0,0.67,Non-Catchment,First Choice,39.3,0
23,218.0,52.7,33.0,0.79,Non-Catchment,Second Choice,78.0,0
18,275.0,40.5,37.0,0.64,Catchment,First Choice,73.8,1
19,106.0,63.4,35.0,0.72,Non-Catchment,First Choice,38.0,0
24,201.0,50.8,36.0,0.76,Non-Catchment,First Choice,57.8,0
22,198.0,74.0,43.0,0.86,Non-Catchment,First Choice,41.0,1
16,163.0,46.0,35.0,0.85,Catchment,First Choice,12.1,0
19,246.0,42.1,39.0,0.75,Non-Catchment,First Choice,57.1,1
19,156.0,57.2,33.0,0.18,Catchment,First Choice,49.9,0
24,162.0,28.9,40.0,0.75,Non-Catchment,First Choice,38.0,0
21,258.0,48.0,28.0,0.78,ELDS,First Choice,59.8,0
24,288.0,50.1,24.0,0.82,Catchment,First Choice,17.6,0
21,217.0,58.3,45.0,0.51,Catchment,First Choice,60.8,1
21,165.0,40.1,45.0,0.28,Non-Catchment,Second Choice,60.3,0
20,188.0,41.8,23.0,0.86,Non-Catchment,Second Choice,73.6,0
20,265.0,72.4,35.0,0.46,Catchment,Second Choice,27.9,1
17,225.0,54.8,36.0,0.94,Non-Catchment,Second Choice,100.0,0
23,215.0,68.0,39.0,0.58,Non-Catchment,First Choice,95.1,1
23,234.0,46.9,45.0,0.49,Non-Catchment,First Choice,44.5,1
16,218.0,54.2,29.0,0.77,Non-Catchment,First Choice,89.2,1
23,290.0,58.2,29.0,0.82,Catchment,First Choice,77.1,1
20,186.0,81.2,35.0,0.81,ELDS,First Choice,51.2,1
17,181.0,51.7,29.0,0.8,Catchment,Second Choice,47.9,0
17,158.0,52.5,19.0,0.56,Catchment,First Choice,49.4,0
21,196.0,71.5,34.0,0.39,Catchment,First Choice,100.0,1
24,171.0,49.3,40.0,0.62,Non-Catchment,First Choice,87.2,0
16,230.0,59.3,35.0,0.47,Non-Catchment,First Choice,55.9,0
21,221.0,70.2,39.0,0.79,Catchment,First Choice,57.7,1
24,171.0,46.4,38.0,0.87,Non-Catchment,Second Choice,76.9,1
23,247.0,60.1,29.0,0.73,Non-Catchment,First Choice,76.1,1
21,288.0,81.2,35.0,0.7,Non-Catchment,Second Choice,40.9,1
18,236.0,68.8,26.0,0.64,Non-Catchment,Second Choice,66.0,1
23,106.0,59.3,32.0,0.9,Catchment,First Choice,48.9,0
24,309.0,51.6,35.0,0.33,Catchment,First Choice,63.0,1
16,254.0,45.9,35.0,0.46,Non-Catchment,First Choice,59.0,0
24,308.0,40.2,27.0,1.0,Non-Catchment,First Choice,80.4,1
21,269.0,77.6,28.0,0.45,Catchment,First Choice,54.6,1
21,278.0,74.7,37.0,0.81,Non-Catchment,Second Choice,62.4,1
19,229.0,45.1,40.0,0.85,Non-Catchment,First Choice,22.4,0
16,208.0,60.1,34.0,0.31,Non-Catchment,First Choice,66.5,0
23,237.0,56.7,33.0,0.35,Catchment,First Choice,44.4,0
17,188.0,72.8,41.0,0.95,Non-Catchment,First Choice,29.7,0
16,240.0,60.7,30.0,0.51,Non-Catchment,First Choice,82.6,0
17,102.0,54.7,45.0,0.51,Catchment,First Choice,59.2,0
16,222.0,46.9,27.0,0.6,Catchment,First Choice,18.5,0
16,281.0,60.1,41.0,0.51,Non-Catchment,First Choice,44.3,0
24,224.0,49.8,38.0,0.81,Non-Catchment,Second Choice,60.1,0
16,298.0,58.3,45.0,0.46,Catchment,Second Choice,60.7,1
19,208.0,53.9,28.0,0.31,Catchment,First Choice,50.0,0
21,265.0,49.4,21.0,0.93,Catchment,First Choice,0.0,0
22,180.0,40.4,42.0,0.47,Catchment,First Choice,49.0,0
17,263.0,62.7,26.0,0.55,Catchment,First Choice,81.4,0
21,230.0,55.6,39.0,0.87,Non-Catchment,Second Choice,88.0,1
22,210.0,81.8,42.0,0.71,Non-Catchment,First Choice,47.9,0
17,104.0,39.5,37.0,0.92,Non-Catchment,First Choice,97.7,0
17,209.0,64.4,36.0,0.87,Non-Catchment,First Choice,27.7,0
22,230.0,53.8,37.0,0.61,Catchment,Second Choice,43.8,0
16,257.0,86.5,40.0,0.9,Non-Catchment,Second Choice,77.8,1
23,290.0,63.2,39.0,0.73,Catchment,First Choice,74.7,1
18,312.0,59.9,28.0,0.58,Catchment,First Choice,59.8,0
21,276.0,53.8,45.0,0.76,Catchment,First Choice,37.6,1
24,195.0,44.5,35.0,0.44,ELDS,First Choice,37.6,0
21,206.0,59.7,38.0,0.87,Catchment,First Choice,45.5,1
24,253.0,34.3,39.0,0.84,ELDS,Second Choice,38.4,1
22,243.0,35.0,42.0,0.72,Catchment,First Choice,62.6,0
24,293.0,70.2,41.0,0.32,Non-Catchment,Second Choice,58.2,1
17,332.0,28.6,36.0,0.93,Non-Catchment,Second Choice,36.8,0
23,322.0,50.2,35.0,0.79,Catchment,First Choice,52.9,1
23,287.0,39.3,37.0,0.7,Catchment,First Choice,7.0,0
17,244.0,49.0,42.0,0.66,ELDS,Second Choice,66.8,0
19,281.0,57.8,28.0,0.59,Non-Catchment,First Choice,74.3,0
22,295.0,69.8,39.0,0.63,Catchment,First Choice,41.8,1
19,213.0,73.3,30.0,0.85,Catchment,First Choice,44.3,0
19,196.0,41.2,45.0,0.6,ELDS,First Choice,65.2,0
21,185.0,48.0,37.0,0.65,Non-Catchment,First Choice,62.1,0
21,181.0,100.0,33.0,0.67,Non-Catchment,First Choice,75.5,1
18,158.0,51.2,38.0,0.68,Catchment,First Choice,44.5,0
24,231.0,41.8,35.0,0.58,Non-Catchment,First Choice,46.8,0
17,175.0,44.3,34.0,0.67,Catchment,First Choice,55.6,0
21,185.0,51.3,24.0,0.77,Non-Catchment,First Choice,38.7,0
22,252.0,49.1,29.0,0.52,Non-Catchment,First Choice,55.2,1
24,228.0,51.5,34.0,0.67,Catchment,First Choice,39.0,0
18,239.0,54.7,25.0,1.0,Non-Catchment,First Choice,68.4,1
18,281.0,54.6,31.0,0.69,Non-Catchment,Second Choice,41.3,1
22,259.0,40.7,32.0,0.51,Non-Catchment,Second Choice,65.1,0
19,288.0,60.5,30.0,0.49,Catchment,Second Choice,89.1,1
23,224.0,56.8,40.0,0.45,Catchment,Second Choice,68.6,1
22,293.0,62.4,30.0,1.0,Catchment,First Choice,63.5,1
20,236.0,29.3,36.0,0.9,Catchment,First Choice,32.7,0
22,228.0,57.4,33.0,0.44,Non-Catchment,First Choice,87.8,0
18,286.0,25.2,34.0,0.74,Non-Catchment,Second Choice,82.3,0
17,181.0,52.4,45.0,0.94,Catchment,Second Choice,56.9,1
21,311.0,64.9,36.0,0.69,Catchment,First Choice,52.3,1
17,207.0,70.7,37.0,0.6,Catchment,First Choice,43.7,1
18,165.0,60.0,30.0,1.0,Non-Catchment,First Choice,95.8,0
21,249.0,65.1,39.0,0.32,Non-Catchment,First Choice,75.7,0
20,203.0,50.5,39.0,1.0,Non-Catchment,First Choice,44.8,1
23,311.0,47.4,38.0,0.71,Non-Catchment,Second Choice,82.0,1
24,201.0,95.4,28.0,0.96,Non-Catchment,First Choice,86.8,1
18,234.0,67.4,31.0,0.46,Non-Catchment,Second Choice,59.6,1
18,156.0,37.4,44.0,0.55,Catchment,First Choice,53.1,0
18,257.0,29.0,31.0,0.48,Non-Catchment,First Choice,40.1,0
21,185.0,48.0,44.0,0.68,Catchment,Second Choice,74.1,1
16,251.0,72.9,32.0,0.76,Catchment,First Choice,51.5,1
22,201.0,55.7,36.0,0.91,ELDS,First Choice,50.6,1
16,128.0,21.6,34.0,0.36,Catchment,First Choice,59.8,0
20,226.0,52.3,30.0,0.73,Non-Catchment,Second Choice,43.6,0
23,224.0,55.0,30.0,0.88,Non-Catchment,First Choice,90.6,1
19,260.0,18.8,31.0,0.92,Catchment,First Choice,79.4,1
20,290.0,55.4,36.0,0.61,Catchment,First Choice,61.5,1
19,306.0,39.8,40.0,0.61,Non-Catchment,Second Choice,43.0,0
19,259.0,27.5,35.0,0.68,Catchment,Second Choice,44.1,0
23,233.0,79.1,35.0,0.74,Catchment,First Choice,43.2,1
17,156.0,39.1,42.0,0.96,ELDS,First Choice,35.4,0
16,229.0,45.0,35.0,0.46,Non-Catchment,Second Choice,66.5,0
18,230.0,44.8,32.0,0.54,Catchment,First Choice,47.2,0
24,211.0,55.0,29.0,0.43,Catchment,First Choice,46.0,0
19,248.0,81.5,43.0,0.79,Non-Catchment,First Choice,43.7,1
20,270.0,37.1,33.0,0.92,Catchment,First Choice,80.1,1
17,183.0,50.4,32.0,0.42,Catchment,First Choice,44.8,1
19,182.0,56.8,31.0,0.72,Non-Catchment,First Choice,85.4,0
17,214.0,42.0,42.0,0.91,Catchment,First Choice,54.2,1
17,192.0,50.2,32.0,0.86,Non-Catchment,Second Choice,35.1,0
19,146.0,63.9,41.0,0.85,Non-Catchment,First Choice,69.4,1
21,175.0,43.7,34.0,0.46,Catchment,First Choice,77.7,0
22,165.0,49.9,28.0,0.85,Catchment,Second Choice,42.8,0
18,274.0,48.5,33.0,0.66,Non-Catchment,Second Choice,61.3,0
18,297.0,53.4,35.0,0.91,Non-Catchment,First Choice,66.4,1
21,171.0,58.6,34.0,0.79,Catchment,First Choice,61.9,1
18,245.0,63.8,34.0,0.54,Catchment,First Choice,50.8,0
17,259.0,84.1,33.0,0.76,ELDS,First Choice,77.6,1
23,153.0,15.1,30.0,0.86,Catchment,First Choice,55.0,0
20,227.0,52.5,35.0,0.6,ELDS,First Choice,47.9,1
16,334.0,34.5,38.0,0.73,Catchment,First Choice,24.7,0
18,250.0,49.2,26.0,0.43,Catchment,Second Choice,24.9,0
23,209.0,68.2,43.0,0.81,Non-Catchment,First Choice,64.3,0
19,195.0,73.0,13.0,0.69,Catchment,First Choice,58.5,0
22,129.0,73.7,35.0,0.88,Catchment,First Choice,77.7,1
17,241.0,73.5,38.0,0.8,Catchment,First Choice,82.6,1
22,308.0,52.4,31.0,0.62,ELDS,First Choice,55.1,0
20,183.0,76.0,22.0,0.53,Catchment,Second Choice,79.0,0
20,133.0,79.0,34.0,0.48,Non-Catchment,First Choice,48.8,0
21,190.0,57.1,36.0,0.6,Non-Catchment,First Choice,57.0,0
24,260.0,72.7,28.0,0.88,Non-Catchment,First Choice,56.4,0
21,201.0,55.6,30.0,0.35,Non-Catchment,First Choice,91.6,0
23,183.0,76.2,41.0,0.49,Catchment,First Choice,34.4,1
22,221.0,52.6,36.0,0.87,Catchment,First Choice,61.2,0
24,230.0,45.9,26.0,0.97,Catchment,Second Choice,46.1,1
19,158.0,38.2,38.0,0.5,Catchment,Second Choice,54.0,0
17,210.0,52.4,29.0,0.49,Catchment,First Choice,53.2,0
22,198.0,56.3,30.0,0.98,Catchment,Second Choice,61.4,0
21,191.0,40.8,36.0,0.68,ELDS,Second Choice,86.9,0
16,174.0,51.2,36.0,0.52,ELDS,First Choice,98.0,0
24,262.0,47.1,33.0,0.91,Catchment,Second Choice,73.1,0
24,191.0,38.8,32.0,0.8,Catchment,First Choice,40.4,0
17,130.0,70.5,33.0,0.85,Catchment,Second Choice,56.5,0
18,232.0,73.2,30.0,0.53,Catchment,First Choice,65.2,0
20,253.0,70.5,42.0,0.77,Catchment,First Choice,51.9,1
20,184.0,53.7,26.0,0.95,ELDS,First Choice,54.5,0
16,195.0,54.7,34.0,0.83,Catchment,First Choice,58.6,1
23,191.0,39.1,26.0,0.88,Catchment,Second Choice,75.4,0
23,204.0,61.2,41.0,0.98,Catchment,First Choice,70.6,1
19,270.0,57.5,34.0,0.79,ELDS,First Choice,47.8,1
22,215.0,97.7,29.0,0.59,ELDS,First Choice,71.9,1
18,258.0,71.3,39.0,0.88,Non-Catchment,First Choice,94.5,1
21,176.0,59.7,21.0,0.48,Non-Catchment,First Choice,29.7,0
24,203.0,54.4,37.0,0.66,Catchment,First Choice,51.3,1
16,263.0,70.0,42.0,0.82,Catchment,First Choice,49.7,1
20,184.0,41.3,36.0,0.06,Non-Catchment,First Choice,61.6,0
19,266.0,72.1,32.0,0.75,Non-Catchment,First Choice,23.5,1
23,192.0,38.7,28.0,0.76,Catchment,First Choice,87.2,0
16,206.0,46.6,41.0,0.47,Catchment,Second Choice,60.9,0
24,295.0,27.4,41.0,0.77,Non-Catchment,First Choice,66.0,1
21,200.0,64.2,31.0,0.74,Catchment,First Choice,63.6,0
19,227.0,58.7,31.0,0.71,Non-Catchment,First Choice,49.7,0
24,248.0,46.6,42.0,0.94,Catchment,First Choice,74.0,1
20,230.0,41.1,38.0,0.88,Catchment,First Choice,60.1,1
20,231.0,75.7,24.0,0.83,Non-Catchment,First Choice,18.3,0
20,217.0,53.0,34.0,0.5,ELDS,First Choice,57.8,0
16,161.0,43.5,34.0,0.7,Catchment,First Choice,54.4,0
16,236.0,83.8,36.0,0.94,Catchment,First Choice,73.9,1
23,187.0,45.1,35.0,0.66,Catchment,Second Choice,100.0,0
23,255.0,72.1,32.0,1.0,Non-Catchment,First Choice,67.6,1
21,282.0,37.7,36.0,0.83,Non-Catchment,First Choice,100.0,1
19,139.0,49.7,32.0,1.0,Catchment,First Choice,46.3,0
17,282.0,62.5,45.0,0.49,Catchment,First Choice,47.6,1
17,202.0,54.1,36.0,0.67,ELDS,First Choice,55.1,1
24,214.0,58.7,35.0,0.69,Non-Catchment,First Choice,68.5,1
20,179.0,46.9,45.0,0.82,Non-Catchment,First Choice,47.2,1
19,228.0,31.0,27.0,0.55,Catchment,First Choice,27.8,0
16,223.0,77.0,34.0,0.38,Catchment,First Choice,60.5,0
22,268.0,47.8,29.0,0.78,Non-Catchment,First Choice,37.1,1
18,187.0,59.3,39.0,0.63,Non-Catchment,First Choice,82.3,1
21,295.0,65.5,32.0,0.61,Non-Catchment,First Choice,72.9,1
20,250.0,59.6,38.0,0.56,Catchment,First Choice,44.8,1
20,224.0,44.4,38.0,0.72,Non-Catchment,First Choice,69.1,1
20,212.0,72.4,40.0,0.48,Non-Catchment,First Choice,49.0,0
16,206.0,62.7,38.0,0.66,ELDS,First Choice,59.0,1
16,209.0,58.0,34.0,0.53,Catchment,First Choice,59.2,0
18,228.0,57.6,27.0,0.58,Non-Catchment,Second Choice,53.3,0
19,211.0,80.2,41.0,0.77,Non-Catchment,First Choice,76.6,1
20,191.0,44.0,43.0,0.83,Non-Catchment,First Choice,37.6,0
17,228.0,61.2,29.0,0.64,Non-Catchment,First Choice,70.7,0
23,182.0,47.1,39.0,0.89,ELDS,First Choice,66.1,1
17,235.0,26.0,28.0,0.51,ELDS,First Choice,31.9,0
24,210.0,25.6,36.0,0.4,Catchment,First Choice,44.1,0
17,251.0,39.8,37.0,0.43,Non-Catchment,First Choice,38.1,0
24,265.0,45.1,32.0,0.48,Non-Catchment,Second Choice,52.7,1
22,264.0,87.6,36.0,0.44,Catchment,First Choice,61.0,1
23,234.0,65.5,40.0,1.0,Catchment,Second Choice,41.4,1
17,240.0,66.8,34.0,0.39,Catchment,First Choice,79.4,0
22,205.0,45.4,31.0,0.89,Non-Catchment,First Choice,81.2,0
21,250.0,55.9,28.0,0.69,Catchment,First Choice,84.7,0
19,256.0,89.6,33.0,0.74,Non-Catchment,First Choice,5.6,0
22,149.0,36.8,28.0,0.52,Non-Catchment,First Choice,99.0,0
19,237.0,61.8,33.0,0.77,Non-Catchment,First Choice,63.3,1
17,282.0,79.2,32.0,0.52,Catchment,First Choice,60.9,1
22,204.0,69.5,40.0,0.88,Non-Catchment,First Choice,58.0,1
23,194.0,82.0,35.0,0.9,Non-Catchment,First Choice,33.6,0
17,201.0,58.2,45.0,0.67,Catchment,First Choice,67.2,1
20,152.0,64.1,23.0,0.69,Non-Catchment,Second Choice,92.2,0
16,226.0,56.6,37.0,0.79,Non-Catchment,First Choice,63.1,1
22,221.0,63.0,32.0,0.78,Catchment,Second Choice,37.7,1
23,229.0,41.3,29.0,0.9,Non-Catchment,First Choice,29.5,0
21,239.0,66.9,35.0,0.9,Catchment,First Choice,54.1,1
20,184.0,59.4,34.0,0.69,Non-Catchment,First Choice,45.1,0
21,232.0,55.9,41.0,0.6,Non-Catchment,First Choice,74.1,0
17,240.0,81.2,36.0,0.86,Catchment,Second Choice,87.4,1
16,198.0,51.0,31.0,0.67,Non-Catchment,First Choice,69.4,0
22,239.0,73.1,37.0,0.72,Non-Catchment,Second Choice,58.3,1
22,224.0,74.6,34.0,0.81,Non-Catchment,Second Choice,57.3,0
17,192.0,67.8,28.0,0.9,Catchment,First Choice,61.4,0
17,233.0,40.5,34.0,0.75,Catchment,First Choice,36.8,0
16,207.0,60.4,36.0,0.58,Catchment,First Choice,72.0,1
23,251.0,84.4,35.0,1.0,ELDS,First Choice,38.4,1
23,209.0,27.7,37.0,1.0,Catchment,First Choice,82.3,0
16,162.0,52.2,32.0,0.5,Non-Catchment,First Choice,52.7,0
23,232.0,72.4,37.0,0.52,Non-Catchment,First Choice,76.6,1
24,230.0,53.3,36.0,0.54,Non-Catchment,First Choice,30.5,0
19,171.0,67.1,36.0,0.87,Non-Catchment,First Choice,76.5,0
16,254.0,76.1,35.0,1.0,ELDS,Second Choice,87.3,1
16,251.0,58.5,45.0,0.6,Catchment,First Choice,34.4,1
18,181.0,62.6,42.0,0.73,Catchment,First Choice,57.7,1
20,190.0,56.4,37.0,0.55,Catchment,First Choice,66.7,0
20,214.0,59.5,30.0,1.0,Catchment,Second Choice,67.7,1
24,186.0,86.5,33.0,0.86,Non-Catchment,First Choice,53.2,1
17,249.0,54.0,45.0,0.54,Catchment,Second Choice,49.7,0
17,227.0,49.7,32.0,0.28,Non-Catchment,Second Choice,65.1,0
21,171.0,70.6,34.0,0.91,Catchment,Second Choice,67.1,1
24,183.0,42.4,34.0,0.59,Catchment,First Choice,47.5,0
16,273.0,45.8,37.0,0.87,Non-Catchment,First Choice,43.5,1
24,289.0,45.9,32.0,0.76,Catchment,Second Choice,84.2,0
24,244.0,51.2,36.0,0.33,Non-Catchment,Second Choice,62.2,1
24,210.0,51.8,33.0,0.54,ELDS,Second Choice,14.6,0
20,200.0,65.5,43.0,0.63,Non-Catchment,First Choice,84.4,1
24,245.0,49.9,31.0,0.56,Catchment,First Choice,48.1,0
19,223.0,66.1,41.0,0.72,ELDS,First Choice,61.3,1
17,148.0,68.0,31.0,0.78,Catchment,Second Choice,67.5,0
21,266.0,45.2,30.0,1.0,Non-Catchment,First Choice,30.3,1
19,281.0,67.6,31.0,0.79,Catchment,First Choice,54.2,1
21,253.0,69.0,25.0,1.0,Catchment,First Choice,86.4,1
18,171.0,28.6,38.0,0.6,ELDS,First Choice,81.8,0
21,191.0,59.4,28.0,0.93,Catchment,First Choice,54.2,0
17,136.0,47.4,33.0,0.62,Non-Catchment,First Choice,74.3,0
17,292.0,74.5,40.0,0.52,Catchment,First Choice,77.0,1
24,204.0,47.3,39.0,0.51,Non-Catchment,First Choice,75.9,1
22,325.0,34.9,26.0,0.17,ELDS,First Choice,37.1,0
18,308.0,54.6,37.0,0.87,Non-Catchment,Second Choice,92.8,1
16,179.0,41.5,42.0,0.44,Non-Catchment,First Choice,50.7,0
23,188.0,67.7,31.0,0.98,Non-Catchment,First Choice,62.2,0
21,241.0,42.9,38.0,0.67,ELDS,Second Choice,53.0,0
22,141.0,54.7,28.0,0.39,Catchment,First Choice,64.6,0
24,200.0,78.2,37.0,0.48,Non-Catchment,Second Choice,42.7,0
20,196.0,71.5,36.0,0.74,Catchment,Second Choice,55.5,1
16,303.0,62.2,39.0,0.32,Catchment,First Choice,63.7,1
22,227.0,53.1,39.0,0.82,Catchment,First Choice,84.5,1
20,207.0,60.7,27.0,0.4,Non-Catchment,First Choice,82.1,0
18,192.0,65.3,36.0,0.55,Non-Catchment,Second Choice,83.1,1
24,260.0,40.2,44.0,0.74,Catchment,First Choice,77.4,1
16,198.0,67.8,22.0,0.79,Non-Catchment,First Choice,96.9,1
16,218.0,38.5,41.0,0.86,Non-Catchment,Second Choice,54.2,0
16,191.0,63.6,45.0,0.44,Non-Catchment,Second Choice,56.8,0
18,152.0,38.4,26.0,0.64,ELDS,First Choice,56.0,0
21,175.0,84.4,31.0,0.92,Catchment,First Choice,58.8,1
18,197.0,66.5,38.0,0.64,Catchment,First Choice,31.3,0
23,208.0,31.7,30.0,0.76,Catchment,First Choice,65.3,1
17,210.0,55.0,43.0,0.73,Non-Catchment,Second Choice,69.9,1
24,216.0,47.2,41.0,0.96,ELDS,First Choice,54.9,1
18,198.0,45.4,27.0,0.61,Catchment,First Choice,24.9,0
20,281.0,57.2,31.0,0.42,Catchment,Second Choice,60.4,1
23,263.0,41.1,40.0,0.51,Non-Catchment,First Choice,34.1,0
17,214.0,66.4,39.0,0.74,Non-Catchment,Second Choice,68.5,0
21,231.0,65.6,45.0,0.39,Non-Catchment,First Choice,62.4,1
20,203.0,60.3,30.0,0.59,ELDS,Second Choice,64.3,0
24,100.0,54.7,44.0,0.72,Non-Catchment,Second Choice,38.8,0
20,221.0,64.9,30.0,0.55,Non-Catchment,First Choice,85.2,1
17,234.0,66.9,38.0,0.77,Non-Catchment,Second Choice,63.4,1
20,147.0,61.8,40.0,0.84,Catchment,Second Choice,41.7,0
19,242.0,35.3,17.0,0.79,Non-Catchment,Second Choice,71.6,0
22,207.0,43.2,40.0,0.39,Non-Catchment,First Choice,62.0,0
21,235.0,51.0,43.0,0.72,Catchment,First Choice,96.7,1
17,209.0,32.9,42.0,0.73,Catchment,First Choice,48.9,0
20,276.0,58.4,45.0,0.62,Non-Catchment,First Choice,35.0,1
22,230.0,76.2,41.0,0.76,Non-Catchment,First Choice,65.8,1
22,265.0,73.8,32.0,0.76,Non-Catchment,First Choice,80.2,1
20,269.0,66.1,42.0,0.68,Catchment,First Choice,100.0,1
24,170.0,65.9,31.0,0.5,Non-Catchment,First Choice,100.0,0
19,187.0,88.2,35.0,0.69,Catchment,Second Choice,29.0,0
18,240.0,67.7,40.0,1.0,Non-Catchment,Second Choice,57.3,1
19,204.0,68.9,38.0,0.62,Non-Catchment,First Choice,35.1,0
20,209.0,33.4,43.0,0.91,Non-Catchment,First Choice,55.1,1
21,278.0,75.0,45.0,0.71,Non-Catchment,Second Choice,100.0,1
18,206.0,61.0,28.0,0.54,Non-Catchment,First Choice,43.6,0
17,176.0,53.8,33.0,0.64,Non-Catchment,First Choice,59.6,0
19,182.0,50.1,37.0,0.7,Non-Catchment,Second Choice,48.4,1
20,318.0,46.8,32.0,0.83,Catchment,First Choice,39.9,1
19,212.0,73.9,35.0,1.0,Non-Catchment,Second Choice,95.9,1
18,159.0,54.6,40.0,0.71,Non-Catchment,Second Choice,29.2,0
23,140.0,47.3,39.0,0.45,Non-Catchment,First Choice,58.3,0
19,192.0,43.4,36.0,0.37,Catchment,Second Choice,61.8,0
17,211.0,57.6,36.0,0.62,ELDS,First Choice,59.3,0
17,263.0,49.6,34.0,0.47,Catchment,Second Choice,53.7,0
16,258.0,46.2,43.0,0.81,Catchment,Second Choice,92.3,1
19,220.0,34.3,45.0,0.81,ELDS,First Choice,17.8,1
24,200.0,69.4,41.0,0.67,Non-Catchment,First Choice,68.7,0
22,235.0,52.9,28.0,0.83,Catchment,First Choice,69.6,0
22,141.0,38.7,33.0,0.71,ELDS,First Choice,65.7,0
22,309.0,50.9,36.0,1.0,Catchment,Second Choice,43.4,1
23,249.0,63.2,29.0,0.83,Non-Catchment,First Choice,84.1,1
16,259.0,55.4,35.0,0.88,Non-Catchment,First Choice,83.1,1
23,172.0,57.9,35.0,0.41,Non-Catchment,First Choice,42.7,0
19,278.0,55.6,42.0,0.47,Non-Catchment,First Choice,36.0,0
19,199.0,35.8,32.0,0.8,Catchment,Second Choice,32.2,0
19,177.0,69.2,42.0,0.39,Catchment,First Choice,64.5,0
21,218.0,29.4,29.0,0.58,Non-Catchment,Second Choice,60.9,0
22,217.0,61.9,30.0,0.94,Catchment,First Choice,52.8,0
21,171.0,64.2,33.0,0.57,ELDS,First Choice,100.0,1
16,180.0,51.7,35.0,0.46,Non-Catchment,First Choice,50.8,1
23,176.0,60.3,21.0,0.83,Catchment,First Choice,63.7,0
22,177.0,50.8,38.0,1.0,Non-Catchment,First Choice,56.1,0
21,203.0,60.5,45.0,0.54,Catchment,First Choice,99.3,0
21,157.0,69.9,39.0,0.94,Catchment,Second Choice,20.2,0
20,189.0,43.1,34.0,0.51,Non-Catchment,Second Choice,53.8,0
21,267.0,65.1,28.0,0.68,ELDS,First Choice,72.3,1
24,257.0,80.4,24.0,0.69,Non-Catchment,First Choice,55.6,1
24,173.0,59.0,25.0,0.54,Catchment,First Choice,33.9,0
23,263.0,47.5,34.0,0.88,Non-Catchment,Second Choice,63.5,1
24,132.0,88.9,45.0,0.39,Catchment,First Choice,27.6,0
23,329.0,56.3,19.0,0.74,Catchment,First Choice,73.4,0
23,279.0,58.5,39.0,0.91,Non-Catchment,First Choice,51.7,1
16,195.0,58.8,31.0,0.86,ELDS,First Choice,48.4,1
20,237.0,61.7,33.0,0.8,Catchment,First Choice,80.9,1
19,157.0,49.9,29.0,1.0,Non-Catchment,First Choice,39.9,0
17,223.0,57.8,27.0,0.66,ELDS,First Choice,29.2,0
23,212.0,69.3,36.0,0.4,Catchment,First Choice,41.8,0
18,182.0,49.4,37.0,0.73,Catchment,Second Choice,100.0,0
19,199.0,48.7,39.0,0.67,ELDS,First Choice,39.9,1
22,194.0,50.6,25.0,0.28,Non-Catchment,First Choice,67.3,0
24,169.0,38.5,40.0,0.47,Catchment,Second Choice,76.9,0
17,181.0,44.8,40.0,0.45,Catchment,First Choice,41.2,0
18,155.0,44.1,38.0,0.54,Catchment,First Choice,41.2,0
19,259.0,55.0,32.0,0.63,Non-Catchment,Second Choice,63.6,0
16,178.0,67.5,37.0,0.64,Non-Catchment,First Choice,64.5,1
22,165.0,76.8,34.0,0.54,Non-Catchment,First Choice,87.0,0
17,258.0,55.9,41.0,0.45,Non-Catchment,Second Choice,44.6,1
20,237.0,61.8,33.0,0.78,Catchment,First Choice,52.5,1
16,256.0,58.7,36.0,0.72,Catchment,First Choice,100.0,1
18,261.0,23.6,25.0,0.73,Catchment,First Choice,24.1,0
17,307.0,37.8,37.0,1.0,Non-Catchment,First Choice,20.0,0
16,213.0,66.4,31.0,0.73,Non-Catchment,Second Choice,32.3,0
22,154.0,67.9,38.0,0.63,Catchment,Second Choice,82.0,1
20,232.0,67.5,40.0,0.68,Non-Catchment,First Choice,51.2,1
16,190.0,52.3,31.0,0.72,Non-Catchment,First Choice,51.2,0
21,177.0,25.1,35.0,0.82,Non-Catchment,First Choice,40.7,0
20,224.0,39.6,36.0,0.69,Catchment,First Choice,78.4,1
18,259.0,41.9,37.0,0.31,Catchment,First Choice,32.6,0
22,182.0,64.4,40.0,0.61,Catchment,First Choice,48.4,0
24,277.0,49.6,39.0,0.7,Non-Catchment,First Choice,41.5,0
24,175.0,80.4,33.0,0.96,Non-Catchment,First Choice,6.6,1
24,209.0,77.0,45.0,0.54,Non-Catchment,Second Choice,50.4,1
17,237.0,80.1,40.0,0.37,Non-Catchment,Second Choice,58.8,1
18,203.0,41.3,43.0,0.71,ELDS,First Choice,44.5,0
22,140.0,62.4,37.0,0.87,Catchment,First Choice,54.6,1
20,262.0,47.8,37.0,0.62,Catchment,Second Choice,55.1,0
17,192.0,59.9,34.0,1.0,Non-Catchment,Second Choice,57.3,1
18,254.0,42.9,32.0,1.0,Catchment,First Choice,38.9,0
21,163.0,73.4,41.0,0.69,Non-Catchment,First Choice,37.8,1
22,171.0,43.2,37.0,0.74,Non-Catchment,Second Choice,60.9,0
24,259.0,25.8,34.0,0.97,Non-Catchment,First Choice,30.5,0
16,235.0,85.5,29.0,0.68,Catchment,First Choice,55.7,0
22,200.0,61.6,44.0,0.54,Catchment,First Choice,92.7,1
23,236.0,39.0,36.0,0.88,Catchment,First Choice,59.2,0
18,177.0,52.6,28.0,0.79,Non-Catchment,First Choice,23.5,0
19,225.0,46.3,35.0,0.54,Catchment,First Choice,63.6,0
21,226.0,55.1,34.0,0.76,Catchment,First Choice,76.4,1
22,203.0,67.0,34.0,0.67,Catchment,First Choice,44.1,0
19,182.0,64.7,38.0,0.62,ELDS,First Choice,54.0,0
23,223.0,58.8,34.0,0.54,Non-Catchment,Second Choice,42.4,0
20,218.0,55.1,33.0,0.72,ELDS,First Choice,50.8,0
16,199.0,71.2,43.0,0.65,Non-Catchment,First Choice,46.7,1
19,173.0,26.1,25.0,0.76,Non-Catchment,First Choice,68.7,0
18,221.0,43.8,35.0,0.86,Catchment,First Choice,93.2,1
24,199.0,40.3,41.0,0.75,Catchment,Second Choice,61.1,0
23,173.0,70.1,39.0,0.75,Non-Catchment,First Choice,29.2,1
16,222.0,43.9,41.0,0.59,Non-Catchment,First Choice,100.0,1
21,292.0,35.7,45.0,0.93,Catchment,First Choice,71.7,1
24,203.0,63.2,45.0,0.53,Catchment,First Choice,75.7,1
22,287.0,41.4,28.0,0.38,Non-Catchment,First Choice,58.7,0
19,315.0,49.7,25.0,0.49,Catchment,First Choice,64.7,0
16,177.0,90.7,37.0,0.91,Non-Catchment,Second Choice,53.2,1
17,220.0,66.8,27.0,0.79,Catchment,First Choice,78.1,1
20,315.0,51.8,23.0,0.96,Catchment,First Choice,50.5,0
20,215.0,53.2,37.0,0.44,Catchment,First Choice,69.8,0
23,222.0,68.6,38.0,1.0,Non-Catchment,First Choice,79.4,1
21,145.0,64.9,45.0,0.64,Non-Catchment,First Choice,84.9,1
23,196.0,56.1,40.0,0.35,Catchment,First Choice,80.6,0
17,245.0,56.6,45.0,1.0,Non-Catchment,Second Choice,39.5,1
18,329.0,32.8,37.0,0.44,Catchment,First Choice,91.5,1
21,211.0,29.6,28.0,0.62,Catchment,First Choice,73.3,0
18,145.0,52.3,40.0,0.66,Non-Catchment,First Choice,66.1,1
21,157.0,45.5,43.0,0.79,Catchment,First Choice,68.4,0
21,218.0,63.8,37.0,0.54,Non-Catchment,First Choice,56.8,1
17,273.0,58.0,44.0,0.91,ELDS,First Choice,50.7,1
22,249.0,43.4,34.0,0.85,Non-Catchment,First Choice,52.6,1
17,241.0,57.4,38.0,0.7,Non-Catchment,First Choice,85.8,1
21,279.0,48.7,34.0,0.96,Non-Catchment,First Choice,61.6,0
16,188.0,86.0,45.0,0.69,Catchment,First Choice,65.6,1
18,221.0,60.8,40.0,0.64,Non-Catchment,First Choice,61.2,1
17,197.0,31.6,28.0,1.0,Catchment,First Choice,46.6,0
22,208.0,82.3,45.0,0.76,ELDS,First Choice,17.1,0
19,175.0,45.5,31.0,0.5,Catchment,First Choice,75.4,0
23,205.0,40.4,35.0,0.53,Non-Catchment,First Choice,73.3,0
21,219.0,87.2,38.0,0.7,ELDS,First Choice,59.8,1
19,203.0,60.2,38.0,0.22,Non-Catchment,First Choice,38.2,1
20,213.0,65.5,38.0,0.57,ELDS,Second Choice,96.4,1
24,238.0,66.0,28.0,0.68,Non-Catchment,Second Choice,53.2,0
22,276.0,51.9,38.0,0.67,Catchment,First Choice,65.0,1
24,279.0,46.4,42.0,0.45,Non-Catchment,First Choice,45.9,1
22,254.0,48.9,41.0,0.61,Catchment,First Choice,33.0,1
16,163.0,79.1,27.0,0.94,Catchment,First Choice,71.8,1
23,204.0,58.1,31.0,0.89,Non-Catchment,First Choice,30.0,0
19,208.0,74.7,29.0,0.72,Non-Catchment,Second Choice,64.6,0
18,190.0,53.9,37.0,0.69,Non-Catchment,First Choice,64.6,1
22,235.0,43.7,26.0,0.67,ELDS,Second Choice,37.6,0
18,148.0,33.4,28.0,0.75,Non-Catchment,First Choice,34.1,0
23,296.0,64.7,31.0,0.72,Catchment,First Choice,44.6,1
21,274.0,80.4,24.0,0.76,Non-Catchment,Second Choice,47.4,0
20,242.0,41.7,35.0,0.8,Non-Catchment,Second Choice,29.4,0
19,217.0,62.7,22.0,0.46,ELDS,Second Choice,37.5,0
23,275.0,34.4,38.0,0.64,Catchment,First Choice,61.5,0
23,251.0,46.7,33.0,0.74,Catchment,First Choice,99.8,1
16,270.0,59.0,31.0,0.51,Non-Catchment,First Choice,80.2,0
24,217.0,29.1,32.0,0.57,Catchment,First Choice,63.2,0
20,301.0,54.7,35.0,0.66,Non-Catchment,First Choice,82.6,1
19,273.0,42.4,39.0,0.67,Catchment,Second Choice,83.1,1
21,243.0,64.1,43.0,0.74,Non-Catchment,First Choice,53.9,1
21,277.0,52.5,41.0,0.53,Non-Catchment,Second Choice,65.2,0
17,201.0,69.1,45.0,0.89,Catchment,First Choice,79.6,1
23,167.0,50.8,39.0,0.66,Non-Catchment,First Choice,82.3,1
22,234.0,34.6,36.0,0.73,Catchment,Second Choice,82.5,0
16,217.0,32.7,32.0,0.63,Catchment,First Choice,39.5,0
20,211.0,26.4,32.0,0.75,Catchment,First Choice,83.5,0
21,275.0,64.5,38.0,1.0,Non-Catchment,First Choice,97.2,1
19,228.0,93.4,29.0,0.62,Catchment,First Choice,89.9,0
17,232.0,61.5,36.0,0.59,Non-Catchment,Second Choice,38.3,0
19,205.0,80.1,35.0,0.53,Non-Catchment,First Choice,33.3,1
16,260.0,72.0,31.0,0.69,Non-Catchment,First Choice,69.3,1
22,252.0,47.2,29.0,0.69,Non-Catchment,First Choice,89.5,1
17,259.0,74.0,45.0,0.71,Non-Catchment,First Choice,64.5,1
17,198.0,47.8,27.0,0.79,Catchment,First Choice,55.3,0
24,279.0,48.1,35.0,0.77,Non-Catchment,First Choice,58.2,0
20,303.0,51.9,42.0,0.7,Catchment,Second Choice,80.4,1
17,258.0,52.6,38.0,1.0,Non-Catchment,Second Choice,53.6,1
24,184.0,64.9,32.0,0.84,Non-Catchment,First Choice,69.6,1
24,184.0,44.9,28.0,0.48,Catchment,First Choice,57.4,0
16,203.0,68.3,36.0,0.39,Non-Catchment,First Choice,42.2,0
18,195.0,68.1,19.0,0.56,ELDS,Second Choice,40.7,0
19,217.0,60.1,36.0,0.73,Catchment,First Choice,70.5,1
22,248.0,84.1,35.0,0.54,Non-Catchment,First Choice,5.9,1
19,233.0,74.3,41.0,0.57,Catchment,First Choice,69.6,1
17,229.0,71.0,28.0,0.71,Non-Catchment,First Choice,56.6,1
22,209.0,56.0,33.0,0.63,Non-Catchment,First Choice,78.9,1
21,217.0,60.3,38.0,0.29,Non-Catchment,First Choice,72.0,0
18,256.0,62.9,36.0,0.92,Non-Catchment,Second Choice,60.9,1
21,129.0,55.2,27.0,0.87,ELDS,First Choice,38.7,0
21,219.0,49.4,31.0,0.44,Non-Catchment,First Choice,39.7,0
20,233.0,18.9,43.0,0.71,Non-Catchment,First Choice,47.1,0
19,255.0,65.8,37.0,0.48,Non-Catchment,First Choice,77.4,0
16,175.0,70.6,25.0,0.58,Non-Catchment,First Choice,95.4,0
21,172.0,37.6,40.0,0.8,Non-Catchment,First Choice,66.6,0
17,246.0,64.1,25.0,0.86,ELDS,Second Choice,48.2,0
18,134.0,46.1,33.0,0.86,Non-Catchment,First Choice,50.3,0
23,280.0,49.5,38.0,0.75,Non-Catchment,First Choice,51.2,1
21,230.0,74.7,42.0,0.96,Catchment,First Choice,80.8,1
18,290.0,40.1,21.0,0.58,Non-Catchment,First Choice,50.8,0
22,171.0,40.1,39.0,0.62,Non-Catchment,First Choice,59.1,0
19,200.0,82.1,40.0,0.18,Non-Catchment,First Choice,86.9,1
24,112.0,52.8,32.0,0.68,Catchment,First Choice,48.7,0
20,184.0,73.7,36.0,0.82,ELDS,Second Choice,71.1,1
18,212.0,31.0,17.0,0.76,Catchment,First Choice,78.0,0
17,132.0,32.2,19.0,0.58,Catchment,First Choice,61.3,0
17,202.0,41.3,42.0,0.87,Non-Catchment,First Choice,99.1,1
18,131.0,47.8,32.0,0.69,Non-Catchment,First Choice,93.3,0
17,208.0,34.0,33.0,0.85,Catchment,First Choice,65.3,0
19,272.0,60.5,36.0,0.8,Non-Catchment,Second Choice,43.9,1
17,218.0,61.5,33.0,0.98,Catchment,First Choice,44.9,0
24,295.0,41.5,32.0,0.77,Catchment,First Choice,64.3,0
17,255.0,42.7,37.0,0.82,Catchment,First Choice,38.2,1
24,281.0,44.7,26.0,0.68,Non-Catchment,First Choice,65.4,0
21,186.0,37.5,42.0,0.6,Catchment,First Choice,93.8,1
16,184.0,11.6,34.0,0.8,Catchment,Second Choice,61.2,0
19,236.0,53.7,29.0,1.0,Non-Catchment,First Choice,59.6,0
16,149.0,48.5,28.0,0.58,Non-Catchment,First Choice,77.1,0
21,241.0,50.1,35.0,0.65,Non-Catchment,First Choice,70.5,1
19,205.0,39.8,33.0,0.71,Non-Catchment,First Choice,37.0,0
18,280.0,67.2,26.0,0.84,Non-Catchment,First Choice,50.9,0
18,251.0,91.4,31.0,0.77,Catchment,First Choice,97.9,1
24,269.0,42.5,30.0,0.88,Non-Catchment,First Choice,66.5,1
21,186.0,76.0,43.0,1.0,Non-Catchment,Second Choice,39.9,1
24,267.0,60.5,36.0,0.57,Catchment,First Choice,56.2,1
20,285.0,55.5,44.0,0.82,Catchment,First Choice,24.3,1
17,218.0,49.8,31.0,0.76,Non-Catchment,Second Choice,22.8,1
23,187.0,53.8,33.0,0.7,Catchment,First Choice,79.6,0
20,188.0,72.2,37.0,0.82,ELDS,Second Choice,59.9,0
17,276.0,37.9,39.0,0.65,Non-Catchment,First Choice,70.4,1
19,341.0,50.9,39.0,0.76,Catchment,First Choice,83.2,1
24,176.0,73.7,30.0,0.44,Catchment,First Choice,66.8,0
19,172.0,69.8,30.0,0.59,ELDS,First Choice,74.7,0
19,261.0,38.2,33.0,0.91,Catchment,First Choice,65.1,0
17,186.0,52.3,44.0,0.9,Non-Catchment,Second Choice,85.7,1
21,266.0,65.9,29.0,0.75,Non-Catchment,First Choice,95.5,1
17,241.0,65.0,32.0,0.61,Non-Catchment,First Choice,64.0,1
22,219.0,69.6,39.0,0.87,Non-Catchment,First Choice,63.2,0
18,240.0,60.8,39.0,0.95,Catchment,First Choice,66.4,1
18,237.0,63.3,38.0,0.62,Catchment,First Choice,57.9,1
20,212.0,60.1,35.0,0.41,Non-Catchment,First Choice,52.0,0
18,141.0,78.7,29.0,0.79,ELDS,First Choice,81.0,0
17,228.0,48.7,31.0,0.88,Catchment,First Choice,52.0,0
24,291.0,55.7,42.0,0.82,Non-Catchment,Second Choice,50.9,1
17,148.0,39.8,40.0,1.0,Catchment,First Choice,78.0,1
17,177.0,36.8,27.0,1.0,Non-Catchment,Second Choice,79.5,0
23,239.0,59.9,40.0,0.64,Non-Catchment,First Choice,100.0,1
24,222.0,44.1,43.0,0.74,Catchment,First Choice,84.4,1
22,239.0,54.1,35.0,0.6,Catchment,Second Choice,76.5,1
18,189.0,79.3,38.0,0.5,Catchment,First Choice,79.4,1
24,272.0,78.4,41.0,0.51,Non-Catchment,Second Choice,57.0,1
18,222.0,88.4,31.0,0.84,Non-Catchment,First Choice,71.2,1
20,251.0,79.6,45.0,0.76,Catchment,Second Choice,72.2,1
24,234.0,91.0,42.0,0.88,ELDS,First Choice,49.2,1
18,228.0,61.5,38.0,1.0,Non-Catchment,First Choice,59.0,0
22,248.0,41.5,35.0,0.8,Non-Catchment,First Choice,79.0,1
16,228.0,40.0,38.0,0.54,Catchment,Second Choice,59.6,0
19,166.0,75.9,26.0,0.91,Catchment,First Choice,72.2,0
19,269.0,55.8,45.0,0.54,Non-Catchment,First Choice,77.9,1
22,257.0,56.9,42.0,1.0,Non-Catchment,First Choice,77.0,1
23,125.0,46.8,44.0,0.31,Non-Catchment,First Choice,94.6,0
16,191.0,48.6,35.0,0.59,Non-Catchment,First Choice,48.4,0
20,267.0,60.8,33.0,0.82,Non-Catchment,First Choice,92.9,1
22,138.0,39.2,31.0,0.94,Catchment,First Choice,69.5,0
19,262.0,58.9,40.0,0.56,ELDS,First Choice,76.7,1
19,214.0,77.7,32.0,0.53,Non-Catchment,Second Choice,73.9,0
19,280.0,23.0,34.0,0.73,Catchment,First Choice,72.9,1
21,220.0,31.9,38.0,1.0,Catchment,First Choice,47.3,0
22,188.0,65.1,31.0,0.39,Non-Catchment,First Choice,75.9,0
17,234.0,75.5,41.0,0.64,Non-Catchment,First Choice,31.2,1
20,219.0,47.7,35.0,0.75,Catchment,First Choice,100.0,1
19,184.0,25.0,26.0,0.54,Catchment,Second Choice,67.6,0
18,320.0,76.5,31.0,0.54,Non-Catchment,First Choice,83.2,1
22,176.0,42.8,43.0,0.65,ELDS,First Choice,73.6,0
21,119.0,49.6,29.0,0.76,Catchment,First Choice,60.7,0
22,291.0,59.8,40.0,0.66,Non-Catchment,Second Choice,49.2,1
20,194.0,45.0,36.0,0.99,Catchment,First Choice,45.4,0
21,207.0,41.9,34.0,0.82,Catchment,First Choice,75.6,1
20,204.0,42.1,45.0,0.78,Catchment,First Choice,74.5,1
22,194.0,82.9,27.0,0.91,Catchment,First Choice,71.2,0
17,186.0,72.4,31.0,0.78,Catchment,First Choice,57.6,0
20,175.0,63.6,35.0,0.61,ELDS,First Choice,68.3,0
21,223.0,22.2,45.0,0.65,Catchment,First Choice,51.5,0
21,202.0,63.7,35.0,0.47,Catchment,First Choice,46.4,0
20,253.0,62.9,37.0,1.0,Catchment,Second Choice,54.5,1
22,242.0,35.8,33.0,0.89,Non-Catchment,First Choice,55.3,0
23,178.0,58.9,37.0,0.19,ELDS,First Choice,89.3,0
22,225.0,70.8,33.0,0.97,Catchment,First Choice,32.7,0
20,201.0,63.5,39.0,0.41,Non-Catchment,First Choice,59.3,1
16,175.0,44.8,40.0,0.8,Catchment,First Choice,72.6,0
20,251.0,55.2,34.0,0.26,Non-Catchment,First Choice,99.7,0
17,215.0,66.0,28.0,0.61,Catchment,First Choice,47.9,0
20,202.0,55.9,36.0,0.97,Non-Catchment,First Choice,37.7,0
20,181.0,73.8,43.0,0.98,Non-Catchment,First Choice,74.5,1
17,174.0,60.9,30.0,0.76,Non-Catchment,First Choice,63.3,0
20,309.0,66.3,37.0,0.86,Catchment,Second Choice,55.6,1
19,235.0,67.3,28.0,0.42,Catchment,First Choice,68.8,0
16,171.0,39.0,29.0,0.81,Non-Catchment,First Choice,77.2,0
18,233.0,55.7,43.0,0.87,Non-Catchment,First Choice,74.7,1
